country_of_citizenship,year,iso3c,billionaire_count,total_wealth,current_gdp,percent_of_gdp
Thailand,1997,THA,2,3.8,150.180456565728,2.5302892845693883
Lebanon,1998,LBN,1,3.3,17.2471790055219,19.133563807411424
Germany,1999,DEU,1,7.1,2194.9452788725903,0.3234704786648184
Colombia,1999,COL,1,1.3,86.278947636962,1.5067406773087233
Switzerland,1999,CHE,1,2.9,297.873643323126,0.9735671701756277
France,1999,FRA,1,1.8,1493.15173769846,0.12055037371985483
Hong Kong,1999,HKG,1,1.1,165.768095391557,0.6635776307869831
India,1999,IND,1,1.0,458.82105261579,0.21794989447386698
Brazil,1999,BRA,1,1.0,599.6420243195311,0.16676616371822706
Lebanon,1999,LBN,1,2.5,17.3910563692265,14.37520497273388
France,2000,FRA,1,2.1,1365.63966079216,0.15377409285124768
Japan,2000,JPN,3,3.8,4968.35907595659,0.07648400491802944
Norway,2000,NOR,1,2.9,171.457201935968,1.6913841864064871
Brazil,2000,BRA,1,1.0,655.448231983527,0.15256735028085824
Germany,2000,DEU,1,4.5,1947.98199101177,0.23100829580373725
Switzerland,2000,CHE,1,1.9,279.216033870204,0.6804766809642571
Belgium,2001,BEL,1,1.0,236.74614160437,0.4223933675215349
Portugal,2001,PRT,1,1.0,121.60410716499699,0.8223406456520114
United Arab Emirates,2001,ARE,1,1.9,103.31164057181799,1.8390957587002972
United States,2001,USA,182,695.0,10581.929,6.567800634458991
Australia,2001,AUS,1,2.2,379.62930167510797,0.5795126957514968
Switzerland,2001,CHE,7,28.3,286.582672434226,9.874986425250526
Hong Kong,2001,HKG,11,44.0,169.404327616605,25.973362439465284
Russia,2001,RUS,5,7.4,306.6020706205,2.4135518670907574
Greece,2001,GRC,1,4.6,136.30929522534,3.3746781482477033
Denmark,2001,DNK,1,1.9,164.791442543375,1.152972490971367
South Korea,2001,KOR,2,2.6,547.656279894587,0.47475033071846606
Saudi Arabia,2001,SAU,3,25.1,184.1376,13.631110647689555
United Kingdom,2001,GBR,10,24.9,1649.82726356701,1.5092489104686595
Germany,2001,DEU,16,75.3,1945.7909738031499,3.86989152554358
Singapore,2001,SGP,1,1.0,89.7937906696515,1.1136627516695092
Spain,2001,ESP,5,11.0,627.8300294122049,1.7520665601641516
Mexico,2001,MEX,8,24.1,796.064590656176,3.027392536092451
Egypt,2001,EGY,1,1.0,96.6846361185984,1.034290493448564
France,2001,FRA,9,51.6,1377.6573392913401,3.7454887023316537
Sweden,2001,SWE,5,36.0,242.39585249440898,14.851739264321926
Philippines,2001,PHL,2,2.5,78.9212344575487,3.167715276101942
South Africa,2001,ZAF,2,5.8,135.429905922526,4.282658221233608
India,2001,IND,4,12.600000000000001,485.44013920417103,2.5955826439602627
Brazil,2001,BRA,4,9.7,559.9836347989809,1.7321934780258423
Japan,2001,JPN,13,39.0,4374.71169409087,0.8914873190998882
Turkey,2001,TUR,3,8.2,201.753123806695,4.064373252459098
Canada,2001,CAN,8,21.0,738.9817923553719,2.841747958778019
Venezuela,2001,VEN,2,9.8,122.91103674672901,7.97324655245885
Argentina,2001,ARG,1,1.7,268.69675,0.6326834991491337
Thailand,2001,THA,1,1.2,120.296476180402,0.9975354541561352
Kuwait,2001,KWT,1,6.0,34.8895598698326,17.1971214953271
Italy,2001,ITA,8,31.4,1168.0234260563798,2.6883022463013804
Malaysia,2001,MYS,4,7.300000000000001,92.7839473684211,7.867740279483461
Israel,2001,ISR,4,8.9,134.63582209858,6.6104249680916585
Chile,2001,CHL,1,1.3,71.5747395614329,1.8162832417772257
Ireland,2001,IRL,1,2.1,109.34666922969501,1.9204974552893908
Norway,2001,NOR,2,2.5999999999999996,174.239354070977,1.492200205781801
Taiwan,2001,TWN,2,3.4,,
Colombia,2001,COL,1,1.5,98.20064120338921,1.527484934536487
Taiwan,2002,TWN,2,4.2,,
Belgium,2002,BEL,1,1.0,258.383599375177,0.3870214682426435
Brazil,2002,BRA,5,9.8,509.79527380671504,1.9223403008078093
South Korea,2002,KOR,1,2.5,627.246933729618,0.39856711377367265
Turkey,2002,TUR,4,9.8,240.249071871106,4.079100045496832
Colombia,2002,COL,1,1.1,97.9458128028882,1.1230699593189384
Malaysia,2002,MYS,4,8.1,100.845526315789,8.032086594139589
Spain,2002,ESP,4,12.6,708.756677088629,1.7777610296042952
United Arab Emirates,2002,ARE,1,1.8,109.816201497617,1.6391024051574574
China,2002,CHN,1,1.0,1470.55765479995,0.06800141407145556
Canada,2002,CAN,9,22.1,760.649334098005,2.905412390350236
Thailand,2002,THA,2,2.3,134.300904400022,1.7125722349190844
Denmark,2002,DNK,1,2.1,178.635163717431,1.1755804155792227
Switzerland,2002,CHE,6,23.7,309.30142243038597,7.662428389036628
Chile,2002,CHL,1,1.5,70.2640459391322,2.134804479234527
Sweden,2002,SWE,6,39.8,266.84906183565903,14.914798547993817
United Kingdom,2002,GBR,10,24.0,1785.7299160671498,1.34398823607419
Mexico,2002,MEX,7,22.7,810.6661165054779,2.800166374024911
South Africa,2002,ZAF,2,4.4,129.087556612449,3.4085392236602856
Philippines,2002,PHL,4,5.3,84.307345887543,6.286522181672798
Norway,2002,NOR,1,1.3,195.914852576467,0.6635535708006622
Israel,2002,ISR,3,6.3,125.06062286293201,5.037556871042357
India,2002,IND,4,11.1,514.939140318756,2.1555945413527726
Italy,2002,ITA,8,26.3,1276.7693384493,2.0598865596148057
United States,2002,USA,176,628.6,10929.108,5.751613031914407
Argentina,2002,ARG,1,1.0,97.7240042518602,1.0232900377503358
Hong Kong,2002,HKG,8,33.6,166.34886613102802,20.198514592539684
Australia,2002,AUS,2,3.1,395.788696012059,0.7832462198226976
Kuwait,2002,KWT,1,5.7,38.1357884138276,14.946590163934426
Ireland,2002,IRL,1,2.2,128.596035288401,1.7107836917880734
Venezuela,2002,VEN,2,9.4,92.89358773365491,10.119105343365293
Russia,2002,RUS,6,11.1,345.470494417863,3.2130095563455043
France,2002,FRA,9,41.0,1501.40938297138,2.7307675351581007
Netherlands,2002,NLD,2,8.6,473.861980070981,1.8148744490350932
Japan,2002,JPN,12,23.4,4182.84604587361,0.5594277136516695
Germany,2002,DEU,19,73.39999999999999,2078.4845174745096,3.5314191365344225
Saudi Arabia,2002,SAU,4,25.9,189.605866666667,13.659914883083763
Greece,2002,GRC,2,4.8,154.56420358695402,3.1055056013015574
Singapore,2002,SGP,1,1.2,92.5383728696942,1.296759347270729
Netherlands,2003,NLD,6,11.600000000000001,580.07036070196,1.9997574063192103
Mexico,2003,MEX,6,16.6,765.549967703273,2.1683757690959973
Chile,2003,CHL,1,1.4,76.4925796440605,1.830242889590804
Japan,2003,JPN,10,21.4,4519.5616452535305,0.47349724773583746
Brazil,2003,BRA,3,4.9,558.2337456518741,0.8777685043526087
Italy,2003,ITA,7,23.9,1577.62170705051,1.5149385871903958
Turkey,2003,TUR,3,4.8,314.59557214576705,1.5257684548007346
Thailand,2003,THA,2,2.4000000000000004,152.280615245887,1.5760377616840648
Canada,2003,CAN,11,26.6,895.540646634787,2.97027277320756
Israel,2003,ISR,3,5.0,131.299915899958,3.8080755541455753
Ireland,2003,IRL,1,2.3,164.670771259602,1.3967263178564158
Kuwait,2003,KWT,1,5.1,47.874582231588,10.652834473477624
Norway,2003,NOR,1,1.0,229.38546933702398,0.4359474045545373
South Korea,2003,KOR,1,2.8,702.7148551939041,0.39845464761483945
France,2003,FRA,9,37.4,1844.5447920368601,2.0276005311153553
Saudi Arabia,2003,SAU,4,23.599999999999998,215.807733333333,10.935660013419369
Spain,2003,ESP,5,15.5,907.491523174116,1.7080049349426365
Denmark,2003,DNK,1,2.3,218.096033517009,1.054581306642895
Germany,2003,DEU,28,76.6,2501.6403884823503,3.061990858185268
Greece,2003,GRC,1,3.3,202.370140236265,1.6306753536600236
Russia,2003,RUS,11,23.5,430.347420184885,5.460704281648529
Sweden,2003,SWE,5,43.9,334.33721232207597,13.130455833827423
Switzerland,2003,CHE,6,16.0,362.07508650776003,4.418972913690676
Colombia,2003,COL,1,1.0,94.6449691570987,1.056580195340469
Hong Kong,2003,HKG,7,25.4,161.38555880181102,15.738706851207414
Philippines,2003,PHL,2,3.0999999999999996,87.0390929742272,3.561617997234792
South Africa,2003,ZAF,2,4.2,197.01896530869698,2.131774468218974
India,2003,IND,7,17.4,607.700687237318,2.8632516575063516
Taiwan,2003,TWN,2,3.4000000000000004,,
Singapore,2003,SGP,2,2.9000000000000004,97.6464010956369,2.969899522625192
Malaysia,2003,MYS,3,6.5,110.202368421053,5.898239841057938
United States,2003,USA,165,556.8,11456.45,4.860144285533476
United Kingdom,2003,GBR,11,25.9,2054.4228571428603,1.2606946963206889
Belgium,2003,BEL,1,1.0,318.082528506588,0.3143838187828315
United Arab Emirates,2003,ARE,1,2.0,124.346358066712,1.6084105968966114
Argentina,2003,ARG,1,1.6,127.58697349217701,1.2540465191754893
Austria,2003,AUT,1,1.0,262.273631180054,0.381281181604371
Australia,2003,AUS,1,1.8,467.73907979033197,0.3848299356998063
Venezuela,2003,VEN,2,8.3,83.6206285821082,9.92578044525236
Chile,2004,CHL,1,2.8,99.075985773176,2.826113692585713
Argentina,2004,ARG,1,1.6,164.65793045278699,0.9717114721411941
Saudi Arabia,2004,SAU,4,27.3,258.742133333333,10.551045416646497
Taiwan,2004,TWN,5,9.299999999999999,,
Singapore,2004,SGP,3,6.8,115.033593101049,5.9113167003543685
China,2004,CHN,1,1.1,1955.34676872139,0.0562560062284653
Japan,2004,JPN,13,33.800000000000004,4893.1160056565595,0.6907663738388052
Thailand,2004,THA,2,3.3,172.895685154658,1.908665330223884
France,2004,FRA,9,56.7,2119.63318163437,2.6749911490006375
United Kingdom,2004,GBR,15,41.199999999999996,2421.5250823874,1.7014071132139836
Germany,2004,DEU,34,134.6,2814.35386935908,4.782625293337857
Italy,2004,ITA,10,35.1,1806.5429685455601,1.9429374562985822
Ireland,2004,IRL,1,2.4,194.372115041065,1.2347450144754313
Hong Kong,2004,HKG,11,46.3,169.099768875193,27.380285796944236
Philippines,2004,PHL,2,2.9,95.00199968533141,3.0525673244831375
Spain,2004,ESP,6,17.3,1069.05567527375,1.6182506112761657
Venezuela,2004,VEN,2,8.7,112.451400424964,7.736675547945079
Sweden,2004,SWE,8,53.3,385.118044877465,13.839912387631365
India,2004,IND,9,31.900000000000002,709.152728830775,4.498325777099603
South Korea,2004,KOR,1,3.4,793.175561887027,0.4286566761980327
Austria,2004,AUT,3,7.1,301.457562038541,2.3552237177225868
Netherlands,2004,NLD,6,15.399999999999999,658.380081545175,2.339074408790923
Switzerland,2004,CHE,6,23.0,403.912891033374,5.694297089938529
South Africa,2004,ZAF,2,6.1000000000000005,255.806908594573,2.384611124661945
Colombia,2004,COL,2,2.8,117.092416666245,2.3912735595687593
Belgium,2004,BEL,1,1.2,369.214712443206,0.32501413393286394
Israel,2004,ISR,5,11.4,139.973148371263,8.144419220865695
Kuwait,2004,KWT,1,8.4,59.439090600610804,14.132113925568168
United Arab Emirates,2004,ARE,1,3.7,147.824370319946,2.5029702423165046
United States,2004,USA,211,722.4,12217.196,5.91297708574046
Denmark,2004,DNK,1,2.5,251.373002954382,0.9945379856299399
Brazil,2004,BRA,5,7.8,669.289424806307,1.1654150971020238
Mexico,2004,MEX,6,25.8,819.459227375022,3.1484177782273894
Greece,2004,GRC,1,4.4,240.96356223612702,1.8260022217335565
Portugal,2004,PRT,1,1.2,189.382122532169,0.6336395346905906
Malaysia,2004,MYS,4,10.5,124.749473684211,8.416869177804747
Australia,2004,AUS,3,4.8,614.6599800825151,0.780919558054784
Russia,2004,RUS,17,52.8,591.016690732385,8.933757849472999
Norway,2004,NOR,4,6.5,265.268662473297,2.4503459773181144
Turkey,2004,TUR,4,6.1,408.865430220331,1.4919334209088815
Canada,2004,CAN,13,36.7,1026.69023827825,3.5745932542950407
South Africa,2005,ZAF,2,8.3,288.867217196534,2.8732924699977307
Colombia,2005,COL,2,6.2,145.60052960580302,4.258226269358909
Belgium,2005,BEL,1,1.8,385.714762230039,0.46666609014214655
Austria,2005,AUT,3,8.0,316.092273276015,2.5309065346922663
Japan,2005,JPN,14,42.0,4831.4670353898,0.8693011810358231
Israel,2005,ISR,6,15.4,147.083996033603,10.470207782824785
Denmark,2005,DNK,1,2.5,264.46733645717,0.9452963203283405
Kuwait,2005,KWT,1,9.0,80.7986301369863,11.138802705864402
Russia,2005,RUS,26,88.4,764.01597348111,11.570438717036282
Taiwan,2005,TWN,5,9.7,,
Kazakhstan,2005,KAZ,3,3.0,57.1236717338952,5.251763251450631
United Kingdom,2005,GBR,17,43.3,2543.18,1.702592816867072
France,2005,FRA,11,67.0,2196.9452324358,3.0496891324739885
Turkey,2005,TUR,7,14.9,506.314717661655,2.9428336724663278
Mexico,2005,MEX,7,37.300000000000004,917.5718535291041,4.065076741024609
United States,2005,USA,261,834.8,13039.197,6.402234738841663
Venezuela,2005,VEN,2,9.1,145.51348965187202,6.253715735751327
Netherlands,2005,NLD,8,21.0,685.348181515953,3.0641359481758803
Egypt,2005,EGY,1,5.2,89.6006655574043,5.803528319405759
Ireland,2005,IRL,1,2.5,211.876989655907,1.179929922574441
Sweden,2005,SWE,8,60.199999999999996,392.218088878779,15.348603674066071
Poland,2005,POL,2,2.0,306.14594482493,0.6532831918265986
Australia,2005,AUS,4,7.2,695.69289867656,1.034939412734671
Philippines,2005,PHL,3,5.1,107.419977318166,4.747720235403111
Monaco,2005,MCO,1,1.0,4.20465289873103,23.78317602154036
Spain,2005,ESP,8,25.3,1153.71582271751,2.192914364336907
South Korea,2005,KOR,2,5.8,934.901071332984,0.6203864962664282
Ukraine,2005,UKR,2,3.7,89.2388651185263,4.146175542557261
United Arab Emirates,2005,ARE,1,3.9,180.61746796460199,2.1592595909739667
China,2005,CHN,1,1.6,2285.96114987985,0.06999244060136788
Brazil,2005,BRA,7,13.4,891.6338398531049,1.5028590662516383
Switzerland,2005,CHE,6,23.2,418.284865884998,5.546459337206462
India,2005,IND,10,58.6,820.383763511445,7.142998509524072
Canada,2005,CAN,14,43.6,1173.1085987786798,3.716620954393467
Greece,2005,GRC,1,7.5,247.875422204414,3.025713454484817
Indonesia,2005,IDN,1,2.0,285.86861919608504,0.6996220871057365
Saudi Arabia,2005,SAU,5,35.6,328.459608764111,10.83847116969769
Portugal,2005,PRT,1,1.7,197.253876704921,0.8618335053272944
Malaysia,2005,MYS,5,14.7,143.534405818501,10.241446931259201
Italy,2005,ITA,9,52.2,1858.21714720373,2.8091442422943547
Thailand,2005,THA,3,6.9,189.318408468595,3.644653499791386
Singapore,2005,SGP,3,8.7,127.807848728398,6.807093685215062
Norway,2005,NOR,4,8.2,309.978579743888,2.645344077250448
Germany,2005,DEU,40,147.9,2846.8642111751,5.195189830952679
Argentina,2005,ARG,1,1.7,198.73709501228203,0.8554014538126057
Chile,2005,CHL,1,2.7,122.29414516283501,2.207791711046299
Hong Kong,2005,HKG,12,54.300000000000004,181.56931174221302,29.90593480747099
United Arab Emirates,2006,ARE,3,9.3,222.116541865214,4.186991172248431
France,2006,FRA,11,75.0,2320.5362213047,3.2320116062584856
Indonesia,2006,IDN,1,1.8,364.570515618357,0.49373164391722024
Norway,2006,NOR,4,10.8,346.915160681708,3.1131530771896467
South Korea,2006,KOR,3,11.299999999999999,1053.21690988756,1.0729033966238135
India,2006,IND,19,91.6,940.259888787721,9.741987411384747
Denmark,2006,DNK,1,2.8,282.88494770296603,0.9898016924322348
Poland,2006,POL,3,4.0,344.626667414292,1.1606762848655037
Japan,2006,JPN,16,43.800000000000004,4601.66312264992,0.9518297805072108
Ireland,2006,IRL,2,3.5,232.180617162279,1.507447108538664
Germany,2006,DEU,40,155.1,2994.70364202353,5.179143532720269
Sweden,2006,SWE,8,66.8,423.093437423762,15.788474623182218
Thailand,2006,THA,3,8.1,221.758296021621,3.6526254689521362
Hong Kong,2006,HKG,14,67.2,193.535442896365,34.72232217226716
Egypt,2006,EGY,2,7.4,107.426086956522,6.888457179860757
Mexico,2006,MEX,7,45.6,1020.26505788201,4.469426807055611
Czech Republic,2006,CZE,1,3.0,156.264095664643,1.9198268080968985
Kuwait,2006,KWT,3,15.2,101.55733072342302,14.966915624628854
Spain,2006,ESP,8,29.8,1260.39897783176,2.3643307019547386
Netherlands,2006,NLD,8,23.0,733.955269898823,3.1337059550196553
Australia,2006,AUS,5,12.5,748.417562769636,1.6701906291110806
United States,2006,USA,292,958.1,13815.583,6.934922688387453
Philippines,2006,PHL,3,4.5,127.65292636806902,3.5251835802219618
Venezuela,2006,VEN,2,9.9,183.477522123894,5.395756322300332
Taiwan,2006,TWN,4,11.3,,
Switzerland,2006,CHE,6,25.4,441.634672196523,5.751360026528274
Turkey,2006,TUR,15,19.8,557.076157773479,3.554271659935439
Portugal,2006,PRT,1,2.2,208.75644927584798,1.0538596568544571
Kazakhstan,2006,KAZ,2,4.7,81.003864630018,5.802192304610486
Russia,2006,RUS,33,172.1,989.932071352543,17.385031254201106
Singapore,2006,SGP,3,9.0,148.62728636135103,6.055415677925178
Belgium,2006,BEL,2,5.0,408.259840868823,1.2247102211570542
Israel,2006,ISR,8,21.1,158.67045693253698,13.298001662005191
Ukraine,2006,UKR,2,2.9,111.884752475248,2.591952822741919
United Kingdom,2006,GBR,20,48.2,2708.44158233671,1.7796211782576243
Malaysia,2006,MYS,7,17.1,162.692258307056,10.510641488377676
Chile,2006,CHL,1,4.1,153.84351817143,2.6650456572575987
Italy,2006,ITA,13,56.5,1949.55171938964,2.898102134868669
Canada,2006,CAN,17,50.7,1319.26480959097,3.843049525115373
Greece,2006,GRC,1,9.1,273.546728473073,3.326671114217245
New Zealand,2006,NZL,1,1.7,111.538810712665,1.5241331596939545
China,2006,CHN,7,8.5,2752.11865718402,0.30885296234637055
Colombia,2006,COL,2,8.9,161.792958904864,5.50085742929845
Saudi Arabia,2006,SAU,9,57.9,376.90013351134803,15.362159588690275
Monaco,2006,MCO,1,1.0,4.58682651271356,21.80156579343572
Lebanon,2006,LBN,1,2.7,22.022709851409598,12.260071617967498
Austria,2006,AUT,3,8.7,336.28006433241103,2.5871292778747943
Argentina,2006,ARG,1,1.7,232.55726081730802,0.7310027620833922
Brazil,2006,BRA,11,21.7,1107.62654171074,1.9591440962117195
South Africa,2006,ZAF,2,7.8999999999999995,303.858675363643,2.599892858265663
Poland,2007,POL,3,5.8,429.020755432721,1.351915944987318
Italy,2007,ITA,12,59.8,2213.10248275146,2.702089056700759
Spain,2007,ESP,12,63.8,1474.00257982,4.328350633401946
Russia,2007,RUS,48,274.6,1299.7034784816499,21.127896058322122
Singapore,2007,SGP,3,10.7,180.94170135797,5.913506902884382
Denmark,2007,DNK,1,3.3,319.42342450906597,1.0331114585825683
Israel,2007,ISR,9,28.4,184.052121662082,15.430411637493721
France,2007,FRA,12,102.1,2660.59124621177,3.837492893557891
Germany,2007,DEU,42,188.1,3425.5783829215807,5.491043525314833
South Africa,2007,ZAF,2,9.3,333.07711725368404,2.792146178242792
Portugal,2007,PRT,1,2.3,240.496147317381,0.9563562766619735
Netherlands,2007,NLD,8,29.0,848.5588875411789,3.4175589255840166
Lebanon,2007,LBN,3,6.199999999999999,24.8273550149254,24.972454763194712
Australia,2007,AUS,10,21.9,855.007458585224,2.561381164585138
Austria,2007,AUT,3,9.9,389.185571506052,2.5437736454847095
New Zealand,2007,NZL,3,6.7,137.188946865584,4.883775371907021
United Kingdom,2007,GBR,23,68.8,3090.51020408163,2.226169643741541
South Korea,2007,KOR,8,14.5,1172.6140865398602,1.2365534549210881
Hong Kong,2007,HKG,19,99.6,211.5969445038,47.07062298728577
Argentina,2007,ARG,1,1.7,287.530508430568,0.5912416074659816
Greece,2007,GRC,1,11.0,318.902829550733,3.4493265599106433
Kuwait,2007,KWT,3,14.7,114.63404336169201,12.823415775031794
Saudi Arabia,2007,SAU,9,48.2,415.964509673115,11.587527031543601
Egypt,2007,EGY,4,20.4,130.437828371278,15.639634801288992
Japan,2007,JPN,17,48.4,4579.75092035481,1.0568260335924617
Romania,2007,ROU,1,1.1,174.588782938583,0.6300519320230092
Cyprus,2007,CYP,2,8.0,23.9687640295647,33.37677316248872
Ireland,2007,IRL,2,4.4,270.0792794195,1.6291512660494445
Monaco,2007,MCO,1,1.0,5.8757907662621,17.01898586555955
United Arab Emirates,2007,ARE,3,13.5,257.916133424098,5.234259610197245
India,2007,IND,31,183.1,1216.73643883496,15.048452085097452
Colombia,2007,COL,2,10.4,206.22954092631102,5.042924477883641
Turkey,2007,TUR,18,28.0,681.3211242959139,4.1096626835012
Ukraine,2007,UKR,5,10.2,148.733861386139,6.85788690278068
Belgium,2007,BEL,2,5.0,470.922156309453,1.0617466035542387
Mexico,2007,MEX,8,70.6,1102.35555497195,6.4044672049388325
China,2007,CHN,17,25.1,3550.3278029984,0.7069769720644388
Taiwan,2007,TWN,6,20.1,,
Canada,2007,CAN,20,76.1,1468.82040778326,5.181028231684901
Oman,2007,OMN,1,1.3,42.0853794538362,3.088958723601342
Kazakhstan,2007,KAZ,5,13.1,104.84991505837601,12.494049225224906
Malaysia,2007,MYS,8,25.6,193.549569477733,13.226585865873064
Norway,2007,NOR,4,10.4,402.64326048757204,2.5829315974161218
Chile,2007,CHL,2,6.8,172.491076033863,3.942232929583581
Indonesia,2007,IDN,1,1.5,432.21673777486103,0.347048105476503
Sweden,2007,SWE,8,84.89999999999999,491.252589217021,17.282351658505696
Brazil,2007,BRA,15,40.6,1397.11448647138,2.9059894799703443
Switzerland,2007,CHE,7,29.5,490.74071559480205,6.011321062741765
Thailand,2007,THA,3,8.9,262.94262145505303,3.384768871151363
Philippines,2007,PHL,3,7.5,155.98040867340302,4.808296159618193
Iceland,2007,ISL,1,3.5,21.6525055967528,16.164411016362425
Venezuela,2007,VEN,2,12.0,230.364012575687,5.209146978223151
Czech Republic,2007,CZE,1,6.0,190.183800884018,3.154842826839416
United States,2007,USA,329,1174.1,14474.228,8.111658873965506
Italy,2008,ITA,12,56.9,2408.6553487185897,2.3623138956044887
Taiwan,2008,TWN,6,22.7,,
Romania,2008,ROU,2,3.7,214.31720247826598,1.726412979086557
France,2008,FRA,12,108.3,2930.30378082812,3.6958625487420904
China,2008,CHN,36,72.3,4594.33678573767,1.573676536392433
Spain,2008,ESP,14,51.6,1631.86349355234,3.162029189566216
Japan,2008,JPN,18,54.3,5106.6791151273,1.063313334866673
Nigeria,2008,NGA,2,6.6,173.3869382418992,3.806515108301913
Ukraine,2008,UKR,5,23.9,188.11039065951502,12.705305600720195
Belgium,2008,BEL,2,6.5,517.328087920078,1.256456038591159
Israel,2008,ISR,9,34.5,220.531065217391,15.644054485471802
Canada,2008,CAN,21,80.9,1552.9896907216498,5.209306956983537
Oman,2008,OMN,1,1.3,60.905452535760695,2.1344558588357976
Philippines,2008,PHL,2,2.9,181.624626327361,1.5966997750475906
Kazakhstan,2008,KAZ,5,15.200000000000001,133.44164885198197,11.390746540355147
United Kingdom,2008,GBR,27,83.7,2929.4117647058792,2.857228915662654
Germany,2008,DEU,44,217.9,3745.2640936171892,5.818014285597452
Denmark,2008,DNK,1,6.5,353.361038818383,1.8394784047883688
Mexico,2008,MEX,8,92.6,1161.5534597151002,7.972082492243831
Netherlands,2008,NLD,10,29.8,951.8699978640622,3.130679616635609
Hong Kong,2008,HKG,24,127.1,219.278749139734,57.962753116129065
Saudi Arabia,2008,SAU,9,59.1,519.7968,11.369827594167567
Chile,2008,CHL,3,19.2,179.89459447598,10.67291657980509
Iceland,2008,ISL,1,3.5,18.0746229870185,19.364166005087682
Norway,2008,NOR,4,11.8,464.917553191489,2.538084423570871
Thailand,2008,THA,3,8.8,291.38298243095096,3.020080282857746
Singapore,2008,SGP,4,7.5,193.617323539203,3.8736203263761286
Russia,2008,RUS,70,438.6,1660.84805830311,26.408195367860323
Belize,2008,BLZ,1,1.4,1.7319215640667,80.83506950006905
Colombia,2008,COL,2,10.9,242.504150472931,4.494768431279566
Egypt,2008,EGY,4,35.699999999999996,162.818181818182,21.926298157453907
Argentina,2008,ARG,1,2.1,361.558037110419,0.580819615236119
Sweden,2008,SWE,9,88.0,517.706149201196,16.998059639774645
Portugal,2008,PRT,2,9.0,263.41639462408403,3.4166438322275687
United States,2008,USA,382,1462.2,14769.862,9.89988938285273
Greece,2008,GRC,1,11.0,355.908689477445,3.090680369774198
Brazil,2008,BRA,17,61.1,1695.85508355205,3.602902193271321
South Korea,2008,KOR,9,17.1,1047.33901022525,1.6327091641819325
Cyprus,2008,CYP,2,9.2,27.8446989893072,33.0404002698429
New Zealand,2008,NZL,3,8.5,133.131369930414,6.384671024149182
Ireland,2008,IRL,4,12.4,275.447471451063,4.50176577576717
Austria,2008,AUT,4,14.700000000000001,432.051935642945,3.402368740259117
Lebanon,2008,LBN,3,7.5,29.1189161054726,25.756453203251105
Kuwait,2008,KWT,3,19.6,147.379737229753,13.298978793431555
United Arab Emirates,2008,ARE,4,16.7,315.474615738598,5.293611329362108
Monaco,2008,MCO,1,1.0,6.50294224493068,15.377654642089778
Poland,2008,POL,2,4.5,533.599779515715,0.8433286842967054
Turkey,2008,TUR,27,51.1,770.449132861373,6.632494972149503
India,2008,IND,38,305.3,1198.8951390059199,25.465112841573752
Czech Republic,2008,CZE,1,9.3,236.816485762988,3.9270914649530266
Switzerland,2008,CHE,10,41.2,567.2677675191579,7.262884013343589
Australia,2008,AUS,11,32.3,1056.11242719038,3.05838650965684
Venezuela,2008,VEN,2,9.6,315.953388510678,3.038422865237148
Indonesia,2008,IDN,5,10.9,510.22863499059804,2.1362971915915407
South Africa,2008,ZAF,3,11.9,316.131258616309,3.76425920425766
Malaysia,2008,MYS,8,32.7,230.811614370384,14.167397983502784
Romania,2009,ROU,1,1.8,174.10226853484,1.0338750983246368
Russia,2009,RUS,31,101.1,1222.6459000557,8.268951786890563
Portugal,2009,PRT,1,3.3,244.667762835543,1.348767799139171
Netherlands,2009,NLD,6,16.8,871.5186380492181,1.9276696178987784
Australia,2009,AUS,9,14.7,928.76212269805,1.58275188455108
Kuwait,2009,KWT,3,10.3,105.968691905415,9.719851981558405
Ukraine,2009,UKR,4,6.7,121.55215344412399,5.512037269730402
Thailand,2009,THA,3,7.1000000000000005,281.710630187319,2.520316679309889
Ireland,2009,IRL,4,8.5,236.44311585369502,3.5949450121692625
Greece,2009,GRC,1,3.8,331.30850025327396,1.1469672516989544
Malaysia,2009,MYS,6,22.9,202.25745303664098,11.322203289018692
Mexico,2009,MEX,9,55.1,943.4374150246331,5.840345010968358
Canada,2009,CAN,18,50.0,1374.62514215729,3.6373552662896667
Venezuela,2009,VEN,2,5.8,329.787628928471,1.7587075715499279
Brazil,2009,BRA,13,40.3,1666.99643868146,2.4175216614065467
Turkey,2009,TUR,13,18.5,649.2893246277321,2.849269085181235
Germany,2009,DEU,47,164.3,3411.26121265234,4.816400438366099
Israel,2009,ISR,10,20.2,211.97004094296,9.529648581535026
Indonesia,2009,IDN,5,7.4,539.580085616492,1.371436826017254
Spain,2009,ESP,12,36.300000000000004,1491.47292370664,2.433835668285984
Saudi Arabia,2009,SAU,10,46.2,429.097866666667,10.766774572638276
United Kingdom,2009,GBR,22,55.4,2412.8400062315,2.2960494627460455
South Africa,2009,ZAF,3,7.5,329.75406064712905,2.2744223332023727
Argentina,2009,ARG,1,1.8,332.97648457761903,0.5405787145249316
Austria,2009,AUT,4,12.200000000000001,401.758735822211,3.036648344442926
Monaco,2009,MCO,1,1.0,5.47437925234114,18.26691125888558
Cyprus,2009,CYP,1,4.0,26.0482493568358,15.356118352538292
South Korea,2009,KOR,4,6.8,943.941876218743,0.7203833383512495
United States,2009,USA,334,1016.1,14478.067,7.0182020845738595
Sweden,2009,SWE,9,67.3,436.537014293554,15.416791199003205
Egypt,2009,EGY,3,7.8,189.147005444646,4.123776626367302
United Arab Emirates,2009,ARE,4,15.4,253.547358747447,6.073815982969716
New Zealand,2009,NZL,3,6.5,121.373602348679,5.35536547834097
Czech Republic,2009,CZE,1,6.0,207.43429680532998,2.8924821461085557
Japan,2009,JPN,16,45.0,5289.493117993889,0.8507431429850664
Iceland,2009,ISL,1,1.0,13.154414219207,7.602010878902397
Philippines,2009,PHL,2,4.1,175.974755881372,2.3298796349880373
Denmark,2009,DNK,2,3.1,321.241303699006,0.9650066676683059
Colombia,2009,COL,2,6.4,232.468663109594,2.753059235765817
Switzerland,2009,CHE,8,28.3,554.212916092271,5.106340754297456
Poland,2009,POL,1,1.0,439.73158913921196,0.22741145387292522
Nigeria,2009,NGA,4,7.4,151.18048334536522,4.89481170866151
Norway,2009,NOR,4,7.6,387.976400617019,1.9588820319775444
Kazakhstan,2009,KAZ,1,1.2,115.30868694138,1.0406848190111204
India,2009,IND,23,105.8,1341.8880169949,7.884413502472025
Singapore,2009,SGP,1,1.9,194.15028377156602,0.9786233442931808
Taiwan,2009,TWN,5,10.5,,
Lebanon,2009,LBN,3,5.1,35.3995829286899,14.406949399018652
France,2009,FRA,10,63.2,2700.8873669320296,2.3399716987009955
China,2009,CHN,27,42.8,5101.69112428521,0.8389375004743479
Chile,2009,CHL,3,12.9,171.777900623177,7.509697087460782
Italy,2009,ITA,12,37.0,2199.92880411863,1.6818726101831063
Hong Kong,2009,HKG,18,65.9,214.04779565904502,30.787516310128968
Belgium,2009,BEL,2,3.5999999999999996,483.254171097812,0.7449495969836853
Argentina,2010,ARG,1,2.0,423.62742209249,0.47211296901439553
Portugal,2010,PRT,2,5.5,238.113003233284,2.3098276554899195
Indonesia,2010,IDN,7,16.3,755.0941576219361,2.158671184973087
Malaysia,2010,MYS,9,39.3,255.01763845559,15.410698741469165
Norway,2010,NOR,4,9.0,431.052143940438,2.087914449914812
India,2010,IND,49,222.1,1675.6155194849598,13.254830682653722
Nigeria,2010,NGA,2,4.2,187.42080481567456,2.240946518253742
New Zealand,2010,NZL,3,9.4,146.517541181254,6.4156140788436
United States,2010,USA,403,1349.3,15048.971,8.966061533376601
Pakistan,2010,PAK,1,1.0,196.709621849586,0.5083635414462084
Kuwait,2010,KWT,1,8.7,115.416245238478,7.5379336609189505
Ireland,2010,IRL,6,17.1,221.91356088236702,7.705703036807404
Poland,2010,POL,4,6.5,475.696613935595,1.36641712587007
Philippines,2010,PHL,2,5.9,208.36889315114402,2.8315166965542846
Hong Kong,2010,HKG,25,115.6,228.638668727291,50.560126440327565
United Kingdom,2010,GBR,29,76.7,2485.48259618471,3.0859198176537945
Romania,2010,ROU,3,4.300000000000001,170.02935901066698,2.528975010562873
South Korea,2010,KOR,11,23.8,1143.6722411497199,2.081015796630173
Egypt,2010,EGY,4,13.0,218.983666061706,5.936515829603845
Austria,2010,AUT,4,13.0,392.275107258667,3.31400075086278
Denmark,2010,DNK,2,5.0,321.995279401502,1.5528177957433362
Spain,2010,ESP,13,50.4,1422.10819978334,3.5440341324013533
Lebanon,2010,LBN,4,8.3,38.4439070421227,21.589897173837596
Japan,2010,JPN,22,68.6,5759.0717690131105,1.1911641797746768
Israel,2010,ISR,10,28.3,238.36409229802302,11.872593613897573
United Arab Emirates,2010,ARE,4,9.0,300.189052688904,2.998110663724637
Sweden,2010,SWE,10,83.7,495.81255884330994,16.881379567162487
Monaco,2010,MCO,1,1.2,5.36756156959548,22.35652045050387
Cyprus,2010,CYP,1,7.7,25.799940416221197,29.845030165878907
Colombia,2010,COL,2,11.6,286.498534094963,4.048886336065879
Switzerland,2010,CHE,11,41.0,598.8510289065799,6.8464439436399385
China,2010,CHN,64,133.2,6087.19174667949,2.1882011532273387
Taiwan,2010,TWN,18,38.5,,
Belgium,2010,BEL,2,5.9,481.42088290500095,1.22553885996762
Kazakhstan,2010,KAZ,5,10.3,148.047348240643,6.957233697464074
Chile,2010,CHL,4,26.3,217.051209240298,12.116956220632337
Mexico,2010,MEX,9,90.3,1105.42423873109,8.168809479304961
Thailand,2010,THA,3,9.1,341.10476632917,2.667802065016704
Canada,2010,CAN,24,74.7,1617.34336748626,4.618685277456064
Ukraine,2010,UKR,5,13.2,141.209170427233,9.347834818420761
Turkey,2010,TUR,28,42.8,776.9672663055301,5.508597576254851
Brazil,2010,BRA,18,90.3,2208.83774521423,4.088122823672683
Belize,2010,BLZ,1,1.2,1.73907029544027,69.0023861109193
Venezuela,2010,VEN,2,7.7,393.192354510653,1.9583290243735854
South Africa,2010,ZAF,3,9.6,417.36382280171307,2.300151444741031
Finland,2010,FIN,1,1.3,249.424310816667,0.5212001972636628
Czech Republic,2010,CZE,3,9.799999999999999,209.069940963177,4.687426587892924
Russia,2010,RUS,62,265.0,1524.91671522395,17.377998244388184
Netherlands,2010,NLD,10,29.8,847.380859016668,3.516718566735272
Germany,2010,DEU,53,217.7,3399.66782000001,6.403566804947412
Italy,2010,ITA,13,58.4,2136.09995523667,2.733954460175509
Saudi Arabia,2010,SAU,10,59.4,528.2072,11.245586959056977
Greece,2010,GRC,2,7.3,297.12496197150097,2.456878732625698
France,2010,FRA,12,89.7,2645.1878821166697,3.3910634706303884
Australia,2010,AUS,11,25.7,1148.8902002924199,2.2369413537915754
Singapore,2010,SGP,4,10.1,239.80798059123998,4.211703036362146
Mexico,2011,MEX,11,125.1,1229.01370341676,10.178893827807746
Kazakhstan,2011,KAZ,5,12.0,192.626464617071,6.2296735933223015
Belgium,2011,BEL,2,6.800000000000001,523.330354138133,1.2993704542895943
Poland,2011,POL,4,8.9,524.374183218309,1.6972612849429176
Norway,2011,NOR,4,12.0,501.360549669404,2.3934870838786124
Nigeria,2011,NGA,4,31.6,211.61981380447585,14.932439185111713
Netherlands,2011,NLD,12,35.8,454.10035928366193,7.883719813935863
Taiwan,2011,TWN,25,62.300000000000004,,
Australia,2011,AUS,17,48.0,1398.70132302963,3.4317548149615336
Malaysia,2011,MYS,9,44.1,297.95166867483505,14.801058237444494
Chile,2011,CHL,4,42.5,251.38257388559398,16.9065020470918
Russia,2011,RUS,101,432.7,2045.9227533980397,21.14938109375516
Indonesia,2011,IDN,14,32.3,892.9691045631711,3.6171464202897297
Ireland,2011,IRL,5,18.900000000000002,239.170638711314,7.902307784030655
Canada,2011,CAN,24,85.2,1793.3266301745202,4.7509471262192005
Ukraine,2011,UKR,8,30.3,169.333835201554,17.893647754410473
Greece,2011,GRC,2,7.3,282.995942006557,2.579542288924715
Turkey,2011,TUR,38,63.7,838.78528969435,7.594315348950865
Brazil,2011,BRA,30,131.4,2616.1562239774703,5.022635834806002
Portugal,2011,PRT,3,8.899999999999999,245.11799024224794,3.6309044436943236
Kuwait,2011,KWT,3,13.2,154.03923129912798,8.569245567297717
Israel,2011,ISR,16,46.7,266.791854430897,17.504282542515174
Belize,2011,BLZ,1,1.8,1.8188319381775702,98.96461361919786
Argentina,2011,ARG,2,6.5,530.1581220104421,1.2260493106002015
Romania,2011,ROU,2,3.3000000000000003,192.613579705885,1.7132748402469848
Thailand,2011,THA,3,15.8,370.81873962362204,4.260841837722891
China,2011,CHN,115,230.4,7551.54570344075,3.0510309948203274
India,2011,IND,55,246.5,1823.05182989513,13.521283155958313
South Africa,2011,ZAF,4,16.7,458.199494830834,3.6447006573338965
Denmark,2011,DNK,3,10.1,344.003137611271,2.9360197323005703
Spain,2011,ESP,15,63.0,1480.71049571012,4.254714218783627
Hong Kong,2011,HKG,36,156.5,248.513617677287,62.97441623630727
Lebanon,2011,LBN,6,13.1,39.927125961525704,32.80977451926625
France,2011,FRA,14,118.5,2865.1575419941696,4.135898227694773
Singapore,2011,SGP,4,10.5,279.356499090458,3.758638168142282
Japan,2011,JPN,26,75.8,6233.14717234135,1.2160790994371362
Finland,2011,FIN,1,1.9,275.604356167316,0.68939403804145
Egypt,2011,EGY,8,20.2,235.989672977625,8.559696593975632
Czech Republic,2011,CZE,3,12.299999999999999,229.562733398948,5.358012521407086
Saudi Arabia,2011,SAU,8,54.800000000000004,676.634666666667,8.098905169899655
Austria,2011,AUT,5,17.5,431.685217367511,4.053879840203457
South Korea,2011,KOR,16,39.6,1253.28953750081,3.1596848784811953
New Zealand,2011,NZL,3,10.7,168.29530714946,6.357871874880934
Venezuela,2011,VEN,2,7.6,316.48219080036404,2.401398947846028
Sweden,2011,SWE,10,73.9,574.094112972733,12.872453893898394
Monaco,2011,MCO,2,4.2,6.08868980838347,68.98035755109503
United States,2011,USA,413,1530.2,15599.732,9.809142875018622
Italy,2011,ITA,14,62.6,2294.9942965895,2.7276756239885813
United Kingdom,2011,GBR,32,93.7,2663.8058348280697,3.5175236413598325
Cyprus,2011,CYP,2,11.7,27.6415518072994,42.32758016469372
Colombia,2011,COL,2,18.9,334.966134804887,5.642361431853097
Germany,2011,DEU,52,246.4,3749.3149910505904,6.571867143415352
Switzerland,2011,CHE,9,36.3,715.888126682396,5.070624675425648
United Arab Emirates,2011,ARE,4,6.9,360.832739550715,1.9122433315201448
Philippines,2011,PHL,4,11.4,234.216730295938,4.867286801244236
Italy,2012,ITA,16,76.5,2086.9576568216003,3.665623006290801
Morocco,2012,MAR,3,6.8,106.93739231112899,6.358860874609454
New Zealand,2012,NZL,3,11.3,176.210710655208,6.4127770428840405
Ireland,2012,IRL,5,20.599999999999998,225.118718207156,9.150727298048897
Monaco,2012,MCO,2,4.2,5.7427492940085205,73.1357018211105
Kazakhstan,2012,KAZ,3,7.8,207.99856886578897,3.7500258018760446
Netherlands,2012,NLD,12,33.4,420.96807808825713,7.93409328129569
Mexico,2012,MEX,11,129.7,1255.11042481779,10.333752109407353
Israel,2012,ISR,13,41.5,262.282344091849,15.822643397401947
Japan,2012,JPN,24,73.3,6272.36299610503,1.168618589924042
Venezuela,2012,VEN,2,7.6,381.286237847667,1.993253164053716
South Africa,2012,ZAF,4,17.7,434.40054508581096,4.074580522568995
Chile,2012,CHL,5,40.9,267.02478248027995,15.316930368820918
Egypt,2012,EGY,7,17.2,279.116666666667,6.162297724965658
Romania,2012,ROU,1,1.5,179.132893143417,0.8373671488681161
Lebanon,2012,LBN,6,12.8,44.0167995157546,29.079806212213573
Taiwan,2012,TWN,24,61.5,,
China,2012,CHN,95,204.35,8532.18538168059,2.3950487578335884
Greece,2012,GRC,3,7.9,242.029307133408,3.2640675187511374
Russia,2012,RUS,96,376.1,2208.29355387842,17.031250185893835
Denmark,2012,DNK,3,11.1,327.148943812137,3.392949972772676
Belize,2012,BLZ,1,1.1,1.8995032498643,57.90987723124895
Singapore,2012,SGP,5,11.6,295.09288807658896,3.9309656276735865
Nigeria,2012,NGA,4,31.0,236.69896544343607,13.096804179910142
Australia,2012,AUS,18,65.65,1547.6498357328899,4.241915611932426
Switzerland,2012,CHE,9,37.2,686.42022155799,5.419420761755237
Colombia,2012,COL,3,23.6,370.691143018039,6.366486074594868
United Kingdom,2012,GBR,36,98.6,2707.0897266146403,3.6422878425719767
Saudi Arabia,2012,SAU,8,51.0,741.849866666667,6.8747063646660544
Finland,2012,FIN,1,2.0,258.290060227734,0.7743232543430447
Georgia,2012,GEO,1,6.4,16.8943920332256,37.88239308886255
Czech Republic,2012,CZE,3,11.5,208.857719320649,5.506140753334864
Sweden,2012,SWE,11,75.7,552.483727282802,13.701761022411281
France,2012,FRA,15,122.0,2683.67171696719,4.546010573076794
Germany,2012,DEU,55,251.3,3527.14318878516,7.124746191167653
Hong Kong,2012,HKG,38,159.0,262.628865879697,60.541707579407316
Portugal,2012,PRT,3,7.9,216.224240577957,3.653614404603147
Malaysia,2012,MYS,9,45.300000000000004,314.443047642111,14.406424419203253
Argentina,2012,ARG,4,9.6,545.982375701128,1.7582985142463758
United Arab Emirates,2012,ARE,4,7.6,384.61012539142297,1.9760270201584986
Turkey,2012,TUR,34,54.3,880.555885492269,6.166559203638045
United States,2012,USA,424,1639.8,16253.97,10.088612197512361
Spain,2012,ESP,16,70.9,1324.750738725,5.351950214289926
Indonesia,2012,IDN,17,41.5,917.869913332649,4.521337871215287
Brazil,2012,BRA,37,153.0,2465.22780301157,6.206322994292545
Norway,2012,NOR,5,12.6,512.777309840997,2.4572070093949816
Kuwait,2012,KWT,5,6.8,174.047695598686,3.9069750257878955
Belgium,2012,BEL,2,6.4,496.152879924727,1.2899249926697927
Thailand,2012,THA,5,20.6,397.558325278579,5.181629635240331
Austria,2012,AUT,6,21.2,409.401816050531,5.178286751269164
India,2012,IND,48,194.6,1827.63759041095,10.647625164912677
Peru,2012,PER,2,4.2,192.65002164858302,2.1801191425045925
St. Kitts and Nevis,2012,KNA,1,1.6,0.8253814814814809,193.84975746344014
Ukraine,2012,UKR,8,31.1,182.591753827949,17.032532602378442
Philippines,2012,PHL,6,17.8,261.92054097210195,6.795954198145894
South Korea,2012,KOR,20,47.0,1278.04653628701,3.6774873735462514
Poland,2012,POL,4,8.3,495.230523665901,1.6759871622128562
Canada,2012,CAN,26,80.9,1828.3664815216,4.424714673869626
Cyprus,2012,CYP,2,12.3,25.0474331001301,49.10682843558972
Czech Republic,2013,CZE,4,14.9,211.685616592931,7.038739919988294
Spain,2013,ESP,20,99.95,1355.57953591255,7.373230220144595
St. Kitts and Nevis,2013,KNA,1,1.5,0.874896296296296,171.44889129716967
Japan,2013,JPN,22,68.4,5212.32818116618,1.3122734720954685
Swaziland,2013,SWZ,1,3.1,4.59755298156738,67.42717294240207
China,2013,CHN,122,262.96,9570.471111831679,2.747618136320485
Sweden,2013,SWE,14,88.3,586.8418217968909,15.046644039381553
Turkey,2013,TUR,43,74.2,957.79912000832,7.746927142651317
Vietnam,2013,VNM,1,1.5,213.70881166534,0.7018896358606607
Brazil,2013,BRA,46,189.3,2472.81953574273,7.655229072069844
Thailand,2013,THA,10,38.6,420.333654592547,9.18318092740329
Canada,2013,CAN,29,92.05,1846.59742183498,4.984843957408383
Ukraine,2013,UKR,10,32.1,190.498811460028,16.850498831975905
Cyprus,2013,CYP,3,13.65,23.959708956356305,56.97064194253817
Kazakhstan,2013,KAZ,5,9.2,236.63460340908895,3.887850664044781
Chile,2013,CHL,14,61.35,277.395018837366,22.116475002735683
Taiwan,2013,TWN,26,72.8,,
Switzerland,2013,CHE,13,50.3,706.234937370968,7.12227579497085
Mexico,2013,MEX,15,148.5,1327.4362902826697,11.186977566236177
Colombia,2013,COL,5,34.5,382.093697077685,9.029198927870738
Lebanon,2013,LBN,6,14.0,46.88010308059701,29.863415564447415
Belgium,2013,BEL,2,5.800000000000001,521.79101524706,1.111556126978114
United Arab Emirates,2013,ARE,4,9.75,400.218529748128,2.4361690614714986
Nigeria,2013,NGA,4,41.6,265.1710388758854,15.687987714024487
Denmark,2013,DNK,6,18.5,343.584391647927,5.384412228759524
Israel,2013,ISR,17,46.25,297.732778479129,15.53406387978276
Romania,2013,ROU,1,1.1,189.789258566244,0.5795902298738663
Guernsey,2013,GGY,1,1.5,,
Portugal,2013,PRT,3,8.549999999999999,226.433858005714,3.7759370773006227
Hong Kong,2013,HKG,39,193.1,275.696879834966,70.04069110814419
Poland,2013,POL,4,9.8,515.761954074157,1.900101378666435
Malaysia,2013,MYS,10,48.75,323.276235524415,15.079982579269496
Philippines,2013,PHL,11,39.85,283.90282858165,14.036492767291751
Peru,2013,PER,10,23.3,201.175543571392,11.581924714288858
New Zealand,2013,NZL,3,9.15,190.90985541634,4.792837949641467
India,2013,IND,55,193.6,1856.72150762146,10.426981063412677
Kuwait,2013,KWT,5,6.15,174.168116687215,3.531071080618424
Norway,2013,NOR,6,17.1,526.014468085106,3.2508611525934916
Ireland,2013,IRL,5,21.9,238.112475390796,9.19733414389867
Indonesia,2013,IDN,25,55.25,912.524136718018,6.054634368216496
United States,2013,USA,442,1872.5,16880.683,11.092560650537658
Argentina,2013,ARG,5,11.1,552.0251402522459,2.0107779864750173
Angola,2013,AGO,1,2.0,132.339109040232,1.5112690530446191
Netherlands,2013,NLD,12,42.5,440.10319656893193,9.65682601974543
Greece,2013,GRC,3,8.6,238.90769005113,3.599716693154358
Germany,2013,DEU,58,296.25,3733.80464954903,7.93426619241532
Austria,2013,AUT,8,26.5,430.190979705962,6.160054778022753
Monaco,2013,MCO,3,4.45,6.55559170988585,67.88098156401942
South Korea,2013,KOR,24,56.35,1370.6329553212,4.111239247621527
Morocco,2013,MAR,3,6.5,115.73928730508,5.616070524839584
Nepal,2013,NPL,1,1.0,22.162204924572602,4.512186415581955
Egypt,2013,EGY,7,18.55,288.434108527132,6.431278219737686
South Africa,2013,ZAF,6,22.0,400.886013595573,5.487844238485787
Italy,2013,ITA,23,112.9,2141.9240942985602,5.270961762861751
Russia,2013,RUS,110,427.1,2292.4700783462204,18.630559414241446
Finland,2013,FIN,1,3.1,271.362405890589,1.142383739496286
Singapore,2013,SGP,10,31.599999999999998,307.576360584992,10.27387148345818
France,2013,FRA,24,142.85,2811.8769033290296,5.080236614585703
Venezuela,2013,VEN,3,9.8,371.005379786566,2.641471130590559
Saudi Arabia,2013,SAU,8,55.55,753.864533333333,7.368697895147919
Georgia,2013,GEO,1,5.3,17.5176601436859,30.25518223625512
United Kingdom,2013,GBR,37,121.1,2784.85350253429,4.348523176885097
Australia,2013,AUS,22,73.1,1577.30184020001,4.634496590121935
Belize,2013,BLZ,1,1.0,2.02175743418064,49.461917789622035
Venezuela,2014,VEN,3,9.0,482.3593187677029,1.8658289888526578
Vietnam,2014,VNM,1,1.6,233.45146964251902,0.6853672853077591
Malaysia,2014,MYS,13,53.0,338.06609509725405,15.677407692940365
Russia,2014,RUS,111,422.15,2059.2415898950103,20.500265829495177
Monaco,2014,MCO,3,4.55,7.069353073088821,64.36232499577169
Turkey,2014,TUR,24,43.0,938.934609296966,4.579658644407257
Uganda,2014,UGA,1,1.1,32.6123972574458,3.3729504498442138
Thailand,2014,THA,11,36.6,407.339040197651,8.985144164487837
Ukraine,2014,UKR,9,26.6,133.503871861723,19.924515768015343
Tanzania,2014,TZA,1,1.0,49.986726460680494,2.000531082559685
Taiwan,2014,TWN,28,75.8,,
Switzerland,2014,CHE,21,80.05,726.537808338,11.01800884707147
Sweden,2014,SWE,19,116.7,581.9640172370949,20.05278617637555
Swaziland,2014,SWZ,1,3.7,4.4229862717476705,83.65388840644097
St. Kitts and Nevis,2014,KNA,1,1.2,0.952111111111111,126.03571011786674
Spain,2014,ESP,26,122.5,1371.82053788862,8.929739467856395
United Arab Emirates,2014,ARE,4,14.6,414.105366752893,3.5256727326386437
South Korea,2014,KOR,27,60.39,1484.4885262718,4.0680678180562095
South Africa,2014,ZAF,8,25.4,381.198869776106,6.663188695947205
Macau,2014,MAC,2,2.8,,
Singapore,2014,SGP,16,45.0,314.86358075845504,14.29190377991711
Saudi Arabia,2014,SAU,7,49.0,766.605866666667,6.391811246248396
Morocco,2014,MAR,4,7.35,119.13084141166401,6.169686970145388
Nepal,2014,NPL,1,1.1,22.7316129221906,4.839075888566535
United States,2014,USA,492,2318.45,17608.138,13.166923157917093
Netherlands,2014,NLD,14,48.4,447.61369684848114,10.81289521316493
New Zealand,2014,NZL,2,9.75,201.33755495948998,4.842613690208836
Nigeria,2014,NGA,8,66.6,292.52335347752495,22.76741299737526
Mexico,2014,MEX,16,142.9,1364.50771761413,10.472641389662758
Norway,2014,NOR,9,21.75,501.73647183284794,4.334944980289563
Peru,2014,PER,8,11.75,200.78625058294298,5.851994330232379
Philippines,2014,PHL,10,40.1,297.483555344802,13.479736704612662
Poland,2014,POL,5,12.8,539.080475073719,2.3744135786497567
United Kingdom,2014,GBR,47,153.85,3064.70824792143,5.020053706722176
Portugal,2014,PRT,3,10.6,229.90196422188401,4.610660911870105
Romania,2014,ROU,1,1.2,199.71378025931799,0.6008598898092371
Oman,2014,OMN,2,2.3,92.6990897269181,2.4811462623587364
Lithuania,2014,LTU,1,1.0,48.533659592172796,2.0604257095034177
Algeria,2014,DZA,1,3.2,238.94266419259,1.339233414347791
Guernsey,2014,GGY,1,2.4,,
Colombia,2014,COL,4,30.599999999999998,381.240864422406,8.026421838687238
Brazil,2014,BRA,65,191.55,2456.0437271988503,7.799128243472492
Australia,2014,AUS,29,85.3,1468.5976900062203,5.808261893673461
France,2014,FRA,43,235.2,2855.96448859019,8.235396516295742
Germany,2014,DEU,85,400.85,3889.09305102352,10.307030321491164
Japan,2014,JPN,27,100.8,4896.99440535329,2.05840545559553
Denmark,2014,DNK,6,26.9,352.993631617708,7.620534080663725
Lebanon,2014,LBN,6,12.3,48.0952137466003,25.57427037294215
Ireland,2014,IRL,5,25.5,259.68188357570597,9.819706961793464
Canada,2014,CAN,32,112.55,1805.74987843994,6.232867649269149
Georgia,2014,GEO,1,5.2,17.966015109304298,28.943535716537426
Israel,2014,ISR,18,51.75,314.33006197726303,16.46358597535075
Kuwait,2014,KWT,5,6.4,162.650450784686,3.9348184829024637
Angola,2014,AGO,1,3.7,135.966802586713,2.7212524892907743
Finland,2014,FIN,4,6.6,274.862826772156,2.4011977456198488
Greece,2014,GRC,3,8.2,235.458133124608,3.482572417942529
Belgium,2014,BEL,3,8.0,535.390200131018,1.4942372867568887
Hong Kong,2014,HKG,45,213.65,291.459995978893,73.30337025581794
Austria,2014,AUT,10,33.7,442.584815286034,7.614359742148033
India,2014,IND,56,191.5,2039.12647915527,9.39127621349564
Argentina,2014,ARG,5,11.3,526.319673731638,2.1469841550634663
Chile,2014,CHL,12,41.25,259.560978231552,15.89221934708585
Czech Republic,2014,CZE,6,18.4,209.358834156329,8.788738279971817
Indonesia,2014,IDN,19,47.65,890.814755533537,5.349035779213257
Kazakhstan,2014,KAZ,5,9.15,221.41561359546898,4.132499895295209
Egypt,2014,EGY,8,22.3,305.595408895265,7.297230046948367
Cyprus,2014,CYP,4,19.7,23.2259121845047,84.81905831514754
China,2014,CHN,152,374.8,10475.624944355199,3.5778295041190966
Italy,2014,ITA,35,157.95,2162.00961599654,7.305702936348677
Monaco,2015,MCO,4,6.8500000000000005,6.26164989082388,109.39608760365725
Swaziland,2015,SWZ,1,3.9,4.06324567129285,95.9823824474559
Uganda,2015,UGA,1,1.1,32.3871837301002,3.3964052236430655
Japan,2015,JPN,24,97.75,4444.93065196418,2.1991344219691045
Czech Republic,2015,CZE,5,15.450000000000001,188.03305045988103,8.216640618345142
Angola,2015,AGO,1,3.3,90.4964205065957,3.646553069753167
Romania,2015,ROU,2,2.15,177.883883008747,1.208653624844854
St. Kitts and Nevis,2015,KNA,1,1.2,0.957222222222222,125.36273940800932
Oman,2015,OMN,2,2.2,78.7107932379714,2.79504234361938
New Zealand,2015,NZL,2,9.9,178.10422078488102,5.5585431700450725
Austria,2015,AUT,7,29.55,381.971148530543,7.7361863883384725
Iceland,2015,ISL,1,1.3,17.5172105190912,7.421272916616432
Norway,2015,NOR,10,25.0,388.15951224553004,6.440651127000146
Tanzania,2015,TZA,2,2.25,47.413919817124004,4.7454418632297735
Egypt,2015,EGY,8,23.45,329.366576819407,7.119726666393879
Germany,2015,DEU,102,432.3,3357.58571935156,12.875322810328392
Italy,2015,ITA,39,155.79999999999998,1836.6377110605501,8.482892356056146
Netherlands,2015,NLD,18,55.0,384.31577492612604,14.311148172507936
Peru,2015,PER,6,8.75,189.802976285619,4.610043620618909
Argentina,2015,ARG,5,11.15,594.7492854132121,1.8747395370560807
United Arab Emirates,2015,ARE,4,19.2,370.275469571137,5.18532864794904
South Korea,2015,KOR,30,77.5,1466.03893620643,5.286353458015346
Chile,2015,CHL,12,39.85,242.450355827827,16.436354512219797
Belgium,2015,BEL,3,8.200000000000001,462.33557484148406,1.773603513597552
South Africa,2015,ZAF,7,28.55,346.70979045856296,8.234552581350354
Greece,2015,GRC,3,7.0,195.683527003375,3.577204533869256
Denmark,2015,DNK,5,25.7,302.673070846857,8.491009764460806
Israel,2015,ISR,17,54.2,303.41427683204,17.863365088124482
Morocco,2015,MAR,3,5.3,110.41382384159199,4.800123585615312
Spain,2015,ESP,21,116.3,1196.15697127969,9.722804179753954
Canada,2015,CAN,40,135.85,1556.5088162171398,8.727865758586768
Finland,2015,FIN,5,8.05,234.53438238476602,3.432332572370371
Nepal,2015,NPL,1,1.3,24.360801286763802,5.336441871090431
Brazil,2015,BRA,54,181.05,1802.21220690468,10.045986777048606
India,2015,IND,90,294.25,2103.58836004439,13.988002861633573
Russia,2015,RUS,88,336.5,1363.48218219771,24.679457083745465
Thailand,2015,THA,16,54.8,401.296238228084,13.655747245966813
Indonesia,2015,IDN,23,56.15,860.854232686214,6.522590918184749
Malaysia,2015,MYS,12,48.93,301.355266964947,16.236650015375847
Lithuania,2015,LTU,1,1.0,41.4355333403883,2.413387542969729
Kuwait,2015,KWT,5,5.85,114.58555583091598,5.1053555202300895
Portugal,2015,PRT,3,8.200000000000001,199.39406652544002,4.112459384017724
Philippines,2015,PHL,11,51.3,306.445871246718,16.74031364537414
Taiwan,2015,TWN,33,82.05,,
Guernsey,2015,GGY,1,1.8,,
Singapore,2015,SGP,19,53.55,307.998545269398,17.386445755177597
Algeria,2015,DZA,1,3.1,187.493855609345,1.6533875149802462
Colombia,2015,COL,3,18.5,293.49237019316604,6.303400660066212
United Kingdom,2015,GBR,53,171.15,2927.91114091673,5.845464283674022
France,2015,FRA,47,253.4,2439.1886431625,10.388700386512843
Hong Kong,2015,HKG,55,246.1,309.385622601348,79.54474352452593
Poland,2015,POL,5,11.5,477.1112879692269,2.410339115837841
Lebanon,2015,LBN,7,14.049999999999999,49.929337836815904,28.13976833804531
Switzerland,2015,CHE,29,98.6,694.118186379628,14.205073708596588
Ukraine,2015,UKR,5,11.85,91.0309677890717,13.017548080404564
Turkey,2015,TUR,32,52.45,864.313810469009,6.068397769964901
United States,2015,USA,535,2564.35,18295.019,14.016656664855063
Kazakhstan,2015,KAZ,5,10.8,184.388404706042,5.857201279667077
China,2015,CHN,212,563.55,11061.572618578697,5.094664379398258
Ireland,2015,IRL,5,30.25,292.364226871756,10.346683082150472
Mexico,2015,MEX,16,144.4,1213.2944677168798,11.901480130518117
Liechtenstein,2015,LIE,1,2.7,6.26851527617441,43.07240041772337
Guatemala,2015,GTM,1,1.0,62.1860647187424,1.6080773152680423
Cyprus,2015,CYP,5,15.8,19.909269064120398,79.36002044632598
Vietnam,2015,VNM,1,1.7,239.258328381741,0.7105290802197779
Venezuela,2015,VEN,3,9.6,,
Nigeria,2015,NGA,10,45.8,251.35527536353644,18.221220912813237
Australia,2015,AUS,27,68.95,1351.7689451391104,5.100723777383743
Georgia,2015,GEO,1,5.2,15.2237961488396,34.15705221720509
Sweden,2015,SWE,23,115.7,505.103781349757,22.906183693739568
Saudi Arabia,2015,SAU,10,51.9,669.4842666666669,7.752235949980997
Indonesia,2016,IDN,20,49.800000000000004,931.877364037698,5.344050829201748
Saudi Arabia,2016,SAU,6,34.6,666.0,5.195195195195195
Norway,2016,NOR,13,24.8,370.95654761904797,6.685419130401289
Netherlands,2016,NLD,18,56.4,393.5425602038389,14.331359731660818
Algeria,2016,DZA,1,3.1,180.763839522151,1.7149447633967316
Belgium,2016,BEL,3,7.5,476.062757356927,1.5754225433721318
Argentina,2016,ARG,4,9.2,557.5323206629549,1.6501285502265395
France,2016,FRA,39,212.0,2472.9643445871698,8.572707506439635
South Africa,2016,ZAF,6,21.8,323.58550967448105,6.737013663538351
Singapore,2016,SGP,17,44.5,319.053943915005,13.94748469614739
Canada,2016,CAN,34,113.60000000000001,1527.99474190743,7.434580557403659
Thailand,2016,THA,16,44.9,413.36634974750797,10.862035583550952
Angola,2016,AGO,1,3.0,52.7616172259253,5.685951564285827
Nigeria,2016,NGA,10,59.800000000000004,207.52399361695913,28.815945066273564
Finland,2016,FIN,6,10.5,240.771351298833,4.36098395567334
New Zealand,2016,NZL,2,9.100000000000001,188.898209220167,4.817409353729582
Oman,2016,OMN,1,1.5,75.1287386215865,1.9965728528403772
Ireland,2016,IRL,6,30.7,298.559265006398,10.282715560457357
India,2016,IND,84,248.4,2294.79688566367,10.824487411144501
Vietnam,2016,VNM,1,1.8,257.096001177982,0.7001275755953509
Israel,2016,ISR,17,48.2,322.102790386835,14.96416716605074
Georgia,2016,GEO,1,4.8,15.4445489019637,31.078926490301722
Ukraine,2016,UKR,5,7.1,93.3558694039223,7.605306495813853
Venezuela,2016,VEN,3,7.2,,
Cyprus,2016,CYP,5,13.4,21.0464521163809,63.6686883181156
Swaziland,2016,SWZ,1,3.7,3.81601919316561,96.95968004109106
Philippines,2016,PHL,11,41.5,318.62700301252,13.02463369633782
Mexico,2016,MEX,14,99.6,1112.2334974527,8.954954173571426
Russia,2016,RUS,78,284.7,1276.78635088114,22.298170700487354
Kazakhstan,2016,KAZ,5,9.3,137.27832008417099,6.774558425757096
Sweden,2016,SWE,26,112.0,515.654671469547,21.719962253190676
Qatar,2016,QAT,1,2.0,151.732181868132,1.3181119360282896
Australia,2016,AUS,25,61.7,1207.58090157872,5.1093885237284775
Taiwan,2016,TWN,25,54.1,,
Portugal,2016,PRT,3,7.8,206.426152308931,3.7785909938033244
Malaysia,2016,MYS,10,39.5,301.25603387033397,13.111770573531986
Chile,2016,CHL,10,29.0,249.344863933461,11.63047818291489
Lebanon,2016,LBN,7,12.5,51.1473087741294,24.439213517960443
Hong Kong,2016,HKG,63,240.2,320.860317562562,74.86123613686361
Colombia,2016,COL,3,13.600000000000001,282.72010028622805,4.810411423252629
United Kingdom,2016,GBR,50,161.8,2689.10656689961,6.016868278543026
Poland,2016,POL,3,7.9,470.02459937561895,1.680763094207062
Switzerland,2016,CHE,33,93.1,687.895460902713,13.534033191297196
Guernsey,2016,GGY,1,1.9,,
United States,2016,USA,541,2400.1,18804.913,12.76315396939087
Turkey,2016,TUR,30,45.4,869.682881593041,5.2202936220658485
China,2016,CHN,250,591.8,11233.3137303487,5.268258451654848
Liechtenstein,2016,LIE,1,2.5,6.23730203350132,40.08143242979402
Brazil,2016,BRA,31,135.1,1795.69348265252,7.523555735160111
Czech Republic,2016,CZE,5,17.8,196.272068576338,9.06904386809215
Morocco,2016,MAR,2,3.2,111.57294700491701,2.868078764522529
Spain,2016,ESP,21,113.2,1233.55496701168,9.176729292755397
Nepal,2016,NPL,1,1.1,24.5241094835293,4.485382030849169
United Arab Emirates,2016,ARE,5,18.400000000000002,369.25532623553397,4.983001921078138
Romania,2016,ROU,1,1.0,185.287630540431,0.5397014345119996
Denmark,2016,DNK,6,29.4,313.115929314339,9.389493554154239
Greece,2016,GRC,2,4.5,193.14814658693302,2.3298178520054393
Peru,2016,PER,3,3.8000000000000003,191.898104390379,1.980217580612285
South Korea,2016,KOR,31,75.1,1499.6798239096101,5.007735571464651
Austria,2016,AUT,6,29.0,395.83735303149905,7.326241391294951
Germany,2016,DEU,119,467.6,3469.8534639455297,13.476073409402641
Iceland,2016,ISL,1,1.6,20.7931680309524,7.694835138244753
Tanzania,2016,TZA,1,1.1,49.774409374453796,2.2099709746923963
Egypt,2016,EGY,6,14.2,332.441717791411,4.2714254078393745
Monaco,2016,MCO,4,7.1,6.46564558494877,109.8111535300965
Japan,2016,JPN,27,85.4,5003.67762754424,1.706744645775942
Italy,2016,ITA,43,150.8,1877.0716876337804,8.033790131377302
Norway,2017,NOR,14,32.4,401.74527503526105,8.0648117136303
Peru,2017,PER,5,8.4,211.007984080911,3.9808920200758946
Guernsey,2017,GGY,1,1.9,,
Turkey,2017,TUR,29,48.5,858.988492853742,5.646175752468198
Poland,2017,POL,4,9.9,524.641252834826,1.8870037280726073
Belgium,2017,BEL,2,6.7,502.764720556354,1.3326312937363332
Oman,2017,OMN,3,6.699999999999999,80.8566970091027,8.286264771915832
Hong Kong,2017,HKG,67,271.1,341.273289534466,79.4378019943518
Germany,2017,DEU,113,465.8,3690.84915251765,12.62040199291977
Ukraine,2017,UKR,6,10.6,112.090505081739,9.456643979140102
Greece,2017,GRC,3,6.5,199.844406013531,3.2525303708325466
Portugal,2017,PRT,4,10.700000000000001,221.35787471893,4.833801378688861
Argentina,2017,ARG,7,12.4,643.628393281364,1.9265775297422756
Brazil,2017,BRA,43,172.1,2063.51497733432,8.34013815699663
India,2017,IND,100,324.3,2651.4742627555897,12.230931469158056
Qatar,2017,QAT,2,3.7,161.09912222527498,2.296722631937161
Iceland,2017,ISL,1,1.8,24.7282851774603,7.279113723747777
Algeria,2017,DZA,1,3.1,189.880896903073,1.6326023578782822
Philippines,2017,PHL,14,45.8,328.480736798792,13.942978954060976
Romania,2017,ROU,1,1.1,210.147163769848,0.5234427057053761
Georgia,2017,GEO,1,4.5,16.4731253750684,27.317220609579167
Russia,2017,RUS,95,384.7,1574.199360089,24.437819615061358
Venezuela,2017,VEN,2,5.1,,
Spain,2017,ESP,25,124.7,1313.24533019765,9.495560131269
Denmark,2017,DNK,6,38.6,332.12106380639096,11.622267963859636
Morocco,2017,MAR,3,4.5,118.54057336784399,3.7961685793741036
Tanzania,2017,TZA,1,1.4,53.2748845327886,2.627879933063684
Saudi Arabia,2017,SAU,10,42.1,714.994666666667,5.888155809087618
Monaco,2017,MCO,4,7.1,6.43127136508338,110.39807834182332
Czech Republic,2017,CZE,6,23.5,218.62894095167496,10.748805669417008
Japan,2017,JPN,33,114.5,4930.83736915142,2.3221207966894486
St. Kitts and Nevis,2017,KNA,2,4.9,1.05697777777778,463.58590530653345
Swaziland,2017,SWZ,1,3.9,4.40296922592165,88.57659002110408
Mexico,2017,MEX,15,116.7,1190.721475906,9.800780649496971
Cyprus,2017,CYP,7,17.6,22.9465833747569,76.69987166525813
Kazakhstan,2017,KAZ,5,10.5,166.805788827233,6.294745568377872
United Arab Emirates,2017,ARE,5,27.3,390.516804029952,6.990736305909676
Australia,2017,AUS,33,91.0,1326.882104817,6.858182778231867
Taiwan,2017,TWN,31,75.2,,
Malaysia,2017,MYS,12,45.7,319.10909416034303,14.321121157718268
Kuwait,2017,KWT,4,5.4,120.687539675517,4.474364142742947
Colombia,2017,COL,3,17.1,311.866875156879,5.48310877562683
Lebanon,2017,LBN,4,9.0,53.0276806859038,16.972267848766094
United States,2017,USA,566,2756.5,19612.102,14.05509720477693
Chile,2017,CHL,12,41.4,276.15425998710305,14.99162098818735
Macau,2017,MAC,1,1.0,,
Switzerland,2017,CHE,37,109.4,695.2008330864991,15.736459853520934
United Kingdom,2017,GBR,54,162.5,2680.1480523353,6.063097889626228
China,2017,CHN,319,808.6,12310.4913339809,6.568381212925311
Liechtenstein,2017,LIE,1,2.7,6.47430871785289,41.70329401430545
Sweden,2017,SWE,31,117.5,541.018749769097,21.71828611303179
South Korea,2017,KOR,38,92.7,1623.0741835018998,5.711384047769958
Canada,2017,CAN,39,133.8,1649.26564424409,8.112701581274054
Netherlands,2017,NLD,20,63.2,418.4515374636418,15.103302136986722
Finland,2017,FIN,7,12.9,255.647979916471,5.046001147443009
Nepal,2017,NPL,1,1.3,28.971588940363997,4.487154648907796
Angola,2017,AGO,1,3.1,73.6901549907312,4.206803473801785
Ireland,2017,IRL,8,34.2,337.241811320896,10.141091303609935
Slovakia,2017,SVK,1,1.1,95.6499662609802,1.1500265426112735
Nigeria,2017,NGA,6,39.199999999999996,193.46541765256063,20.262019163754747
South Africa,2017,ZAF,8,26.599999999999998,381.448814653456,6.973412677705118
Singapore,2017,SGP,21,59.4,343.25716458171195,17.304809958558025
Vietnam,2017,VNM,2,3.5999999999999996,281.353605986903,1.2795286512757826
Israel,2017,ISR,18,54.1,358.24542745854103,15.101379069593534
New Zealand,2017,NZL,2,11.4,206.566916732292,5.518792738129625
France,2017,FRA,38,245.1,2595.15104519765,9.44453697419885
Indonesia,2017,IDN,20,53.1,1015.6187441597301,5.228339896772205
Italy,2017,ITA,42,151.9,1961.7961973543602,7.742904191824276
Egypt,2017,EGY,7,18.1,248.36277173913004,7.287726688366762
Austria,2017,AUT,8,31.2,417.261151844977,7.477331609243984
Thailand,2017,THA,20,63.2,456.356813536764,13.848812623219139
Chile,2018,CHL,11,41.9,295.85756299170896,14.162220352357258
Portugal,2018,PRT,1,5.1,242.313116577967,2.1047147888748383
United States,2018,USA,586,3098.7,20656.516,15.0010776260624
Finland,2018,FIN,6,13.5,275.70800176784303,4.896484655301202
Colombia,2018,COL,3,18.6,334.198218098276,5.565559297665193
China,2018,CHN,372,1118.4,13894.9078578806,8.048991842473365
Guernsey,2018,GGY,1,2.3,,
Switzerland,2018,CHE,36,123.8,725.568717468001,17.062477615079903
Thailand,2018,THA,30,93.3,506.754208404485,18.41129258575966
Georgia,2018,GEO,1,4.6,17.9025448806471,25.694670956935646
Slovakia,2018,SVK,1,1.3,106.137924015593,1.2248213935379155
South Korea,2018,KOR,44,126.8,1725.37349682543,7.349133404060244
Argentina,2018,ARG,9,15.600000000000001,524.819892360176,2.97244830599789
Qatar,2018,QAT,2,2.8,183.334953818681,1.5272592278116324
Denmark,2018,DNK,10,43.7,356.841216410068,12.246343188613523
Germany,2018,DEU,123,578.7,3974.4433550196,14.560529571244732
Tanzania,2018,TZA,1,1.5,57.0037128920858,2.631407541539728
Brazil,2018,BRA,42,176.4,1916.9338980383602,9.202195244213373
Egypt,2018,EGY,6,18.2,262.58863252673,6.9309930993099425
Romania,2018,ROU,1,1.2,243.316029944056,0.4931857552812726
Angola,2018,AGO,1,2.6,79.45068825936639,3.272470077933513
Spain,2018,ESP,29,136.0,1421.70271521804,9.565994250713821
Sweden,2018,SWE,32,124.6,555.455371487089,22.43204520039396
Czech Republic,2018,CZE,6,30.1,249.000540729179,12.088327162605534
Greece,2018,GRC,4,9.6,212.049447242111,4.527245944215568
St. Kitts and Nevis,2018,KNA,3,4.2,1.07654814814815,390.13582506502195
Canada,2018,CAN,46,148.5,1725.32919278302,8.607053113178013
Swaziland,2018,SWZ,1,4.3,4.666598024184109,92.14421250160702
Russia,2018,RUS,101,409.3,1657.32877346131,24.69636722381777
Cyprus,2018,CYP,7,17.6,25.5973011909231,68.7572485424402
Algeria,2018,DZA,1,4.0,194.554483655528,2.0559793456532582
Taiwan,2018,TWN,35,84.4,,
South Africa,2018,ZAF,5,20.9,405.26072389251703,5.157173831023182
France,2018,FRA,40,320.4,2790.95687874666,11.479933725951458
Singapore,2018,SGP,22,64.5,376.892697588005,17.113624225881733
Iceland,2018,ISL,1,2.0,26.2608505820687,7.615899545027037
Ireland,2018,IRL,9,38.2,386.693357874056,9.878628433137335
Belgium,2018,BEL,2,8.3,543.2990669989019,1.5277037094593016
Austria,2018,AUT,8,43.4,454.991174096102,9.538646565226157
Macau,2018,MAC,1,1.4,,
Philippines,2018,PHL,12,55.3,346.841896583515,15.943863917456259
Hungary,2018,HUN,1,1.1,160.565642983587,0.6850780649957862
Nigeria,2018,NGA,6,41.8,217.28827950298106,19.23711674445217
Peru,2018,PER,6,10.9,222.59700973923498,4.89674143096935
Israel,2018,ISR,20,57.0,376.691526553276,15.131744672238709
United Kingdom,2018,GBR,54,202.9,2871.34034758179,7.066386266987822
Australia,2018,AUS,43,117.89999999999999,1429.73366818591,8.246291083681001
Norway,2018,NOR,15,39.1,439.78862588379997,8.890634659189871
Netherlands,2018,NLD,18,71.0,458.54490149203815,15.483761736086556
Turkey,2018,TUR,36,64.7,778.972199727859,8.305816308027877
Vietnam,2018,VNM,4,10.5,310.106478394659,3.3859337780867342
Zimbabwe,2018,ZWE,1,1.4,34.1560699180609,4.098832223257963
Kazakhstan,2018,KAZ,5,14.4,179.33997769048497,8.029442283556168
Nepal,2018,NPL,1,1.5,33.111525237148996,4.530144683027458
Italy,2018,ITA,43,170.4,2091.93242626698,8.145578598065716
New Zealand,2018,NZL,2,12.2,211.84655569073598,5.758885227197255
Liechtenstein,2018,LIE,1,3.9,6.69262069184146,58.27313663172689
Poland,2018,POL,6,13.799999999999999,588.779796423695,2.3438304241793833
Hong Kong,2018,HKG,67,334.7,361.731070995726,92.52730186507938
Japan,2018,JPN,35,138.1,5040.88093932486,2.739600511542654
Oman,2018,OMN,2,5.4,91.5058517555267,5.901261937244199
United Arab Emirates,2018,ARE,7,24.0,427.04943215793105,5.619958298205708
Malaysia,2018,MYS,14,61.8,358.78884571252996,17.22461574223955
India,2018,IND,119,440.1,2702.92964164814,16.282332814687855
Kuwait,2018,KWT,4,5.199999999999999,138.20253596240102,3.7625937641366405
Monaco,2018,MCO,4,6.9,7.1824444095406905,96.06757263355203
Ukraine,2018,UKR,7,13.2,130.89108829355,10.08472018384957
Lebanon,2018,LBN,7,13.3,54.901519155555604,24.225194866313903
Mexico,2018,MEX,16,141.0,1256.30018287973,11.223432259382104
Venezuela,2018,VEN,2,5.5,,
Indonesia,2018,IDN,20,72.5,1042.27153298863,6.955960870591185
Morocco,2018,MAR,2,3.8000000000000003,127.34114758181799,2.984110063527157
Finland,2019,FIN,6,11.799999999999999,268.514916972549,4.394541701087819
New Zealand,2019,NZL,2,12.2,212.84690768343899,5.731819237019269
United States,2019,USA,607,3111.0,21521.395,14.455382655260033
Thailand,2019,THA,31,94.8,543.976691793886,17.427217274213643
Sweden,2019,SWE,33,124.2,533.879529188454,23.26367526936188
India,2019,IND,106,405.3,2835.60625655884,14.293239728277834
Zimbabwe,2019,ZWE,1,2.5,21.832234925502103,11.45095776282512
Indonesia,2019,IDN,21,78.5,1119.0998713502,7.0145660820503295
Singapore,2019,SGP,22,71.3,376.901649222451,18.917401966028027
France,2019,FRA,41,329.9,2728.8702467058797,12.08925196785133
Ukraine,2019,UKR,7,13.6,153.88304750957698,8.837880598350898
Malaysia,2019,MYS,13,61.6,365.177721021516,16.868498940101162
Slovakia,2019,SVK,2,2.6,105.711680180565,2.459520079104757
Nigeria,2019,NGA,8,44.6,243.70352320284545,18.30092540881217
Turkey,2019,TUR,25,43.1,761.005946788221,5.663556268108142
Kazakhstan,2019,KAZ,5,16.4,181.66718485450102,9.027497185655688
Japan,2019,JPN,32,127.0,5117.99385301651,2.4814410420822814
Monaco,2019,MCO,4,6.3,7.38394404417,85.32025652299154
Spain,2019,ESP,29,119.3,1394.3200551294099,8.556141723782888
United Arab Emirates,2019,ARE,7,19.7,417.989721742682,4.713034549717346
Czech Republic,2019,CZE,8,32.3,252.548179964897,12.789638794660704
Tanzania,2019,TZA,1,1.9,61.026731925921304,3.1133897228944827
Morocco,2019,MAR,2,3.8,128.92026640945798,2.9475582899673722
Mexico,2019,MEX,17,132.5,1305.21113582261,10.15161427629805
Denmark,2019,DNK,10,38.7,346.498737961635,11.168871848614046
Swaziland,2019,SWZ,1,4.9,4.49526726576464,109.00352994176234
South Korea,2019,KOR,40,103.6,1651.42293244777,6.273377822508625
Ireland,2019,IRL,9,37.2,398.933010007356,9.32487386774889
Italy,2019,ITA,35,142.7,2011.30219882745,7.094905980970503
Taiwan,2019,TWN,40,85.5,,
Vietnam,2019,VNM,5,13.6,334.365270496667,4.067408071358167
Israel,2019,ISR,21,61.2,402.470513619148,15.206082912675852
Egypt,2019,EGY,6,15.8,318.678815489749,4.957969978556118
Cyprus,2019,CYP,6,19.900000000000002,25.9470201024332,76.6947415211424
Angola,2019,AGO,1,2.3,70.8979627320277,3.2440988589380013
Canada,2019,CAN,45,153.1,1743.72518367252,8.780053269492317
Australia,2019,AUS,36,114.4,1394.6713259605701,8.202649460883395
South Africa,2019,ZAF,5,18.7,389.33003222426896,4.80312291686455
Netherlands,2019,NLD,20,61.4,456.6102358513522,13.446917125175561
Austria,2019,AUT,9,44.6,444.59615584525403,10.031575715090856
Nepal,2019,NPL,1,1.7,34.1861806990255,4.972769596483352
Norway,2019,NOR,15,36.3,408.742840909091,8.880889490141191
St. Kitts and Nevis,2019,KNA,2,2.9,1.10785555555556,261.7669772433219
Colombia,2019,COL,3,17.1,323.03170119284005,5.293598101008614
Belgium,2019,BEL,3,11.1,535.8658043498029,2.0714141320266317
Peru,2019,PER,6,11.2,228.34600600364803,4.904837266924244
Switzerland,2019,CHE,33,106.8,721.369112726724,14.805180609452988
United Kingdom,2019,GBR,54,182.0,2851.40716490781,6.382813448737487
Germany,2019,DEU,114,500.9,3889.1775892549,12.879329588442987
Venezuela,2019,VEN,2,4.9,,
Qatar,2019,QAT,1,1.6,176.371267692308,0.9071772409048574
Macau,2019,MAC,1,1.5,,
Brazil,2019,BRA,58,179.7,1873.2882051864499,9.592757777606053
China,2019,CHN,324,980.7,14279.968506271702,6.867662205062152
Argentina,2019,ARG,5,10.9,447.75468361522496,2.434368728874502
Algeria,2019,DZA,1,3.7,193.459662090677,1.9125434005285107
Philippines,2019,PHL,17,47.7,376.823402244928,12.65844947947153
Hungary,2019,HUN,2,2.1,164.020460331659,1.2803280735547728
Iceland,2019,ISL,1,2.1,24.6813436492952,8.508450876255141
Romania,2019,ROU,1,1.2,251.017797625017,0.47805375210590456
Chile,2019,CHL,11,37.3,278.285058719466,13.403522334844945
Portugal,2019,PRT,1,4.8,239.986922638902,2.0001089839475767
Greece,2019,GRC,4,9.3,205.25276088936403,4.530998735268129
Guernsey,2019,GGY,1,2.2,,
Kuwait,2019,KWT,1,1.4,138.69632108786402,1.0093995204913193
Liechtenstein,2019,LIE,1,3.0,6.43646700711932,46.60942092426989
Lebanon,2019,LBN,6,11.1,51.6059591312741,21.509143879612946
Poland,2019,POL,7,13.200000000000001,596.058473058766,2.2145478332456485
Hong Kong,2019,HKG,71,319.8,363.07454507238896,88.08108536946291
Oman,2019,OMN,2,4.300000000000001,88.06085825747721,4.882986703839999
Russia,2019,RUS,98,421.0,1693.1150027083202,24.865410756302147
Georgia,2019,GEO,1,4.9,17.638337116912602,27.78039657322125
Egypt,2020,EGY,6,16.8,383.81784154709896,4.37707635796249
Guernsey,2020,GGY,1,2.1,,
Switzerland,2020,CHE,35,96.4,741.999406005627,12.991924147075254
Poland,2020,POL,6,12.8,599.442732365372,2.1353165713581714
St. Kitts and Nevis,2020,KNA,2,2.2,0.8839222222222219,248.89067665581447
Israel,2020,ISR,17,51.3,413.26766923152195,12.413262352555474
Australia,2020,AUS,31,95.0,1330.3815449093001,7.140808617160778
Philippines,2020,PHL,15,31.0,361.751145451597,8.56942690846237
Vietnam,2020,VNM,4,10.2,346.615738537796,2.942740004544762
Greece,2020,GRC,3,4.9,188.480337285605,2.5997406788247686
Nepal,2020,NPL,1,1.4,33.4336593012466,4.187396860707377
Cyprus,2020,CYP,3,14.7,25.227189744908298,58.27046194460466
Turkey,2020,TUR,23,38.9,720.338498174744,5.400238929137924
Monaco,2020,MCO,3,4.6,6.73964541647916,68.25284886282746
Italy,2020,ITA,36,125.6,1897.46163559191,6.619369669670253
Czechia,2020,CZE,8,32.3,245.974558654043,13.131439355656749
Liechtenstein,2020,LIE,1,3.3,6.40587021032293,51.51524916446351
Portugal,2020,PRT,1,3.8,229.031860520777,1.6591578094678565
Hong Kong,2020,HKG,67,311.5,344.943149590058,90.30473582971484
Morocco,2020,MAR,1,1.0,121.35364505714399,0.8240378766777973
Mexico,2020,MEX,12,103.0,1120.8324124688502,9.189598628141256
United Kingdom,2020,GBR,46,154.0,2697.80659229386,5.708341007094162
United Arab Emirates,2020,ARE,4,10.5,349.47301533015695,3.004523822842332
Tanzania,2020,TZA,1,1.6,66.0687377860639,2.4217202471476504
Spain,2020,ESP,24,97.1,1278.12886787549,7.5970430244174
Taiwan,2020,TWN,36,75.4,,
South Korea,2020,KOR,28,70.4,1644.31283190617,4.28142374333896
Chile,2020,CHL,7,21.0,254.04215930931102,8.26634447490713
Argentina,2020,ARG,4,8.8,385.740508436965,2.2813263858799613
Angola,2020,AGO,1,1.4,48.501561203568606,2.88650502222801
Qatar,2020,QAT,1,1.2,144.41136335164802,0.830959539574422
Denmark,2020,DNK,8,42.4,354.762748338661,11.951649432911829
South Africa,2020,ZAF,4,15.4,338.291396026698,4.5522884060535285
Hungary,2020,HUN,1,1.2,157.288955508176,0.7629270574802839
Peru,2020,PER,2,5.2,201.409694755934,2.5818022346448126
Zimbabwe,2020,ZWE,1,1.1,21.5096984061116,5.113972214912389
Canada,2020,CAN,44,142.8,1655.68473000019,8.624830404758496
Sweden,2020,SWE,31,106.6,547.0541742358761,19.486187112802607
Singapore,2020,SGP,27,90.7,349.488382610662,25.95222173695023
Nigeria,2020,NGA,6,33.6,222.97177578542647,15.069171818559877
Finland,2020,FIN,6,11.700000000000001,271.886077382102,4.303272941614112
Malaysia,2020,MYS,12,44.699999999999996,337.456163961211,13.24616491673806
Japan,2020,JPN,26,110.0,5055.58709350159,2.1758106025192028
Russia,2020,RUS,98,384.0,1493.07589436214,25.718719420090125
Indonesia,2020,IDN,15,53.7,1059.05484269848,5.070558939438111
Lebanon,2020,LBN,6,10.200000000000001,31.712128253796102,32.164350239656365
Oman,2020,OMN,1,2.1,75.90939765929781,2.7664558865627886
Kuwait,2020,KWT,1,1.3,107.51299844702099,1.2091561195185148
France,2020,FRA,39,304.3,2647.41869159845,11.494215137397504
Thailand,2020,THA,20,66.4,500.46189848024596,13.267743299067735
India,2020,IND,102,312.6,2674.85157858686,11.68662973685996
Georgia,2020,GEO,1,4.8,16.01086921568,29.97963405571506
Colombia,2020,COL,3,13.7,270.348342541465,5.067536153989457
Germany,2020,DEU,105,444.8,3887.7271619144103,11.44113209274104
Slovakia,2020,SVK,2,2.5,106.737868873941,2.3421865420158774
Belgium,2020,BEL,1,8.0,526.021513474243,1.5208503445347632
Ukraine,2020,UKR,6,8.0,156.61772201334202,5.1079787760662825
Macao,2020,MAC,1,1.9,,
Austria,2020,AUT,9,41.2,435.049316955737,9.470190710399802
United States,2020,USA,615,2948.7,21322.95,13.828761967738984
Netherlands,2020,NLD,22,57.4,456.1638971296231,12.58319660130606
Romania,2020,ROU,2,2.5,251.362514349697,0.9945794847206156
Iceland,2020,ISL,1,2.0,21.629953194065898,9.246437022104574
Ireland,2020,IRL,9,35.8,428.60868783023903,8.35260717211114
Venezuela,2020,VEN,1,3.4,,
Algeria,2020,DZA,1,4.2,164.873415325201,2.5474088661994423
Brazil,2020,BRA,45,127.1,1476.10723119411,8.610485560536231
New Zealand,2020,NZL,2,13.4,212.69753089756,6.30002611852309
Kazakhstan,2020,KAZ,4,12.0,171.082365861423,7.014165334678631
Norway,2020,NOR,12,26.2,367.633418886627,7.126664403727593
China,2020,CHN,387,1177.5,14687.744162801,8.01688800504983
Eswatini (Swaziland),2020,SWZ,1,2.7,3.9822366938316,67.80109289290219
Colombia,2021,COL,5,26.2,318.524633225395,8.225423489134137
Zimbabwe,2021,ZWE,1,1.5,28.3712386655116,5.287044452604098
St. Kitts and Nevis,2021,KNA,1,1.6,0.858622222222222,186.3450489155754
Kazakhstan,2021,KAZ,5,16.9,197.112255360612,8.57379464766504
Macau,2021,MAC,1,3.1,,
Cyprus,2021,CYP,5,18.1,29.482912835364203,61.39149174666823
United States,2021,USA,724,4398.4,23594.031,18.642003140540076
Australia,2021,AUS,44,181.5,1559.0337562851298,11.641826180369483
Lebanon,2021,LBN,6,10.8,23.1319415567843,46.688687905803995
Malaysia,2021,MYS,17,68.0,373.832428055449,18.18996825762634
Mexico,2021,MEX,13,136.1,1313.0697639866,10.365024291381742
Sweden,2021,SWE,41,182.0,639.714956069468,28.45017116971019
Liechtenstein,2021,LIE,1,5.5,7.71038008592257,71.33241083720075
China,2021,CHN,626,2531.9,17820.4595088522,14.207826676648235
Taiwan,2021,TWN,47,115.6,,
Switzerland,2021,CHE,40,145.5,813.408787222499,17.887684800754442
Netherlands,2021,NLD,24,87.6,516.2089732313121,16.969871610648394
Finland,2021,FIN,7,16.5,296.470417085267,5.56547940338158
Japan,2021,JPN,49,225.4,5034.62078458498,4.477000545704068
Indonesia,2021,IDN,21,85.0,1186.50969108673,7.1638690049086815
France,2021,FRA,42,512.2,2959.3558191705,17.307820731863476
India,2021,IND,140,596.4,3167.27062326052,18.83009287618249
Thailand,2021,THA,31,105.4,506.25649429734005,20.819486009022004
Norway,2021,NOR,12,38.3,503.367986030268,7.608747688156906
Georgia,2021,GEO,2,8.0,18.8531155888106,42.4333047888808
Algeria,2021,DZA,1,4.8,186.265418570697,2.5769678756436267
United Kingdom,2021,GBR,56,213.9,3141.5061566187,6.808835932068558
Brazil,2021,BRA,65,211.7,1670.64739903467,12.67173433019583
Russia,2021,RUS,117,585.0,1843.3922937343798,31.734970466589925
Oman,2021,OMN,1,2.3,88.19197737321201,2.607946968086256
Venezuela,2021,VEN,1,3.2,,
Ukraine,2021,UKR,7,18.9,199.765859570935,9.461076102089798
Germany,2021,DEU,135,623.9,4278.50393468985,14.582199982135267
Belgium,2021,BEL,3,12.6,600.904461226347,2.0968391504841675
Iceland,2021,ISL,2,3.2,25.7978709842963,12.40412436339381
Romania,2021,ROU,2,7.7,285.81024450193297,2.6940951726269993
Argentina,2021,ARG,5,15.299999999999999,487.90257216434804,3.1358719697108413
Hungary,2021,HUN,2,2.7,182.10999947769102,1.482620398519499
Greece,2021,GRC,4,13.9,214.667807441202,6.475120869628876
Philippines,2021,PHL,17,45.6,394.08735984811,11.571038466591583
Qatar,2021,QAT,2,2.9000000000000004,179.73200956044,1.6135133675366786
Turkey,2021,TUR,27,55.2,819.865253669661,6.732813685288962
Portugal,2021,PRT,2,7.2,255.534839405899,2.8176197096018325
Hong Kong,2021,HKG,71,448.2,368.954169748818,121.47850241267963
Poland,2021,POL,8,20.3,681.3460776086071,2.9793963254692937
Guernsey,2021,GGY,1,2.6,,
Peru,2021,PER,6,11.4,226.354278280885,5.036352785810233
Nigeria,2021,NGA,6,45.0,227.87699731227352,19.74749559225313
Chile,2021,CHL,9,42.7,315.515014838539,13.533428835978285
Nepal,2021,NPL,1,1.4,36.9248413942605,3.7914854800638693
Denmark,2021,DNK,10,61.3,405.68799885269095,15.110133938731225
Tanzania,2021,TZA,1,1.6,70.65562814789861,2.2645046713771038
Czechia,2021,CZE,9,41.4,281.7912185071,14.691728230330531
Italy,2021,ITA,51,204.5,2154.87549374493,9.490107460668279
South Korea,2021,KOR,43,121.4,1818.43210688004,6.6760809788104245
Singapore,2021,SGP,27,156.9,434.11155928284904,36.14278326502024
Israel,2021,ISR,25,73.0,488.526545878891,14.942893199113316
Egypt,2021,EGY,6,18.400000000000002,424.6717654557039,4.33275802554367
Canada,2021,CAN,64,231.1,2007.4721814641498,11.511990160254536
South Africa,2021,ZAF,5,22.1,420.117812466041,5.260429180632847
Vietnam,2021,VNM,6,16.7,366.474752771009,4.556930558988592
Eswatini (Swaziland),2021,SWZ,1,4.7,4.85084254099267,96.89038471733609
Ireland,2021,IRL,9,42.9,513.3917788828601,8.35619146324282
United Arab Emirates,2021,ARE,4,11.0,415.17879275697805,2.6494609531847577
New Zealand,2021,NZL,2,11.1,253.64407978497698,4.376210952532328
Armenia,2021,ARM,1,1.0,13.878908628937799,7.2051774871907455
Slovakia,2021,SVK,2,2.9,118.563266602359,2.445951501763279
Spain,2021,ESP,30,137.0,1445.65165360463,9.476695140105171
Monaco,2021,MCO,3,4.8,8.62608132050612,55.6451976471556
Austria,2021,AUT,12,62.699999999999996,479.2953627470471,13.081703866409104
Morocco,2021,MAR,2,3.2,141.81779708346798,2.2564163777812842
Belize,2022,BLZ,1,3.6,2.8305075756841003,127.18566913320917
Australia,2022,AUS,46,207.1,1692.9566468557,12.233036231887176
Turkey,2022,TUR,24,40.8,907.118435952688,4.497758879429056
Taiwan,2022,TWN,51,150.9,,
Bulgaria,2022,BGR,2,4.0,90.3461699149349,4.427415134217847
Belgium,2022,BEL,3,11.9,583.613982019263,2.0390190034218927
Canada,2022,CAN,65,312.6,2161.48336942201,14.462290315173261
Brazil,2022,BRA,63,194.1,1951.92394208332,9.944035001324586
Austria,2022,AUT,11,61.699999999999996,470.941926750741,13.101403059544628
Thailand,2022,THA,28,95.3,495.645210972751,19.227463090577363
Barbados,2022,BRB,1,1.7,5.8406737,29.10623135820787
Argentina,2022,ARG,6,14.0,631.1333844399439,2.218231572779713
Ukraine,2022,UKR,7,11.9,161.98952072119,7.3461542123343975
Tanzania,2022,TZA,1,1.5,75.76997450501061,1.9796759993641098
United Arab Emirates,2022,ARE,4,22.9,507.06396827774,4.516195476831183
United Kingdom,2022,GBR,50,200.1,3088.83976344502,6.478160582108866
Hong Kong,2022,HKG,67,383.4,358.69626148116,106.88709116086997
Slovakia,2022,SVK,2,3.0,115.584743573553,2.5954982528389943
Vietnam,2022,VNM,7,21.2,410.324028883325,5.166648430922915
Singapore,2022,SGP,26,106.7,498.47454098778,21.405305833385725
Finland,2022,FIN,7,12.6,281.887430795721,4.46986939589052
Morocco,2022,MAR,2,3.3,130.91255882984,2.520766555552043
France,2022,FRA,43,550.0,2779.09223650585,19.790634969766764
Nepal,2022,NPL,1,1.5,41.18293960067,3.642284923186
Georgia,2022,GEO,2,6.699999999999999,24.984568959605,26.816552292066937
Israel,2022,ISR,30,112.6,525.002447652773,21.44751905508669
Netherlands,2022,NLD,22,76.0,506.2362796792564,15.012752552652378
Algeria,2022,DZA,1,5.1,225.560256621757,2.26103661894312
Russia,2022,RUS,78,291.0,2266.02924064534,12.841846644358677
Germany,2022,DEU,134,608.0,4082.46949079768,14.892946569974292
Romania,2022,ROU,6,10.2,298.891515898026,3.412609410927533
Greece,2022,GRC,3,7.8,217.58132451205898,3.5848664941681156
Ireland,2022,IRL,9,54.8,533.1400118382761,10.278725809951618
Qatar,2022,QAT,2,3.3,235.7704037349,1.3996667723021405
Norway,2022,NOR,13,40.9,593.726965415619,6.8886882999106
India,2022,IND,166,749.8,3353.47049688595,22.35892639271072
Venezuela,2022,VEN,1,3.5,,
Iceland,2022,ISL,2,3.6,28.7018304016837,12.542754066962981
Peru,2022,PER,3,7.800000000000001,246.48875763621103,3.1644445267203225
Nigeria,2022,NGA,6,56.4,244.02922481911716,23.111985886856633
Monaco,2022,MCO,4,15.100000000000001,8.784002931686649,171.90340346460468
Indonesia,2022,IDN,30,115.1,1319.07626731016,8.725803264940104
Philippines,2022,PHL,17,43.2,404.353369604631,10.683724496284064
Chile,2022,CHL,7,38.6,302.11653940903005,12.776526593183357
Poland,2022,POL,7,20.8,689.763329458441,3.0155270817790294
Guernsey,2022,GGY,1,2.5,,
Portugal,2022,PRT,1,4.7,255.196659934378,1.841716894417259
New Zealand,2022,NZL,3,13.2,246.733522841353,5.34990132187569
Hungary,2022,HUN,2,2.5,177.00612862462702,1.4123804748601076
Eswatini (Swaziland),2022,SWZ,1,5.3,4.79092278870864,110.62586966525876
Italy,2022,ITA,52,194.5,2066.9720965537,9.409899646168101
Malaysia,2022,MYS,17,63.1,407.027451714616,15.502639867210247
Czech Republic,2022,CZE,9,49.0,290.565654835809,16.863658586108052
Spain,2022,ESP,27,116.0,1417.80046626265,8.181687251505728
Estonia,2022,EST,1,1.2,37.9214808815429,3.1644333820941646
St. Kitts and Nevis,2022,KNA,1,1.5,0.98142962962963,152.83826315352505
United States,2022,USA,735,4701.1,25744.108,18.260877401539805
Cyprus,2022,CYP,8,27.2,29.2505320200746,92.98976162666948
Kazakhstan,2022,KAZ,6,19.8,225.496328925494,8.780630750996437
Macau,2022,MAC,1,1.9,,
Lebanon,2022,LBN,6,12.6,20.9924219488081,60.02165939083269
Zimbabwe,2022,ZWE,1,3.0,27.3666271530954,10.962256997244449
Colombia,2022,COL,4,24.1,345.32987507851203,6.978834366566396
China,2022,CHN,539,1962.45,17881.783387000898,10.974576514703765
Switzerland,2022,CHE,41,181.9,818.42655020645,22.22557417695153
Liechtenstein,2022,LIE,1,2.3,7.36465451513984,31.230249773044886
Sweden,2022,SWE,45,165.70000000000002,590.409594949102,28.065262051556708
Uruguay,2022,URY,2,3.0,70.1646832903776,4.275655300237664
Oman,2022,OMN,1,2.5,114.667360208062,2.180219371461759
South Korea,2022,KOR,41,109.3,1673.91651179971,6.529596860388586
Mexico,2022,MEX,15,160.9,1463.32388903656,10.995515155973786
Egypt,2022,EGY,6,18.3,476.747720364742,3.838508128785461
Japan,2022,JPN,40,154.5,4256.41076072375,3.629818847035552
Denmark,2022,DNK,9,57.0,400.167196948707,14.244046097388187
South Africa,2022,ZAF,5,25.0,405.270850098738,6.1687140819304265
Liechtenstein,2023,LIE,1,2.3,,
Armenia,2023,ARM,1,1.2,24.212134631064,4.956192497213395
Vietnam,2023,VNM,6,12.6,429.716969049593,2.9321625412809453
Indonesia,2023,IDN,29,138.4,1371.1711523311599,10.093561242497186
Nigeria,2023,NGA,6,57.0,189.81706105831918,30.028912934484527
Monaco,2023,MCO,3,12.4,,
Italy,2023,ITA,64,215.6,2254.8512127318,9.561606494594207
Australia,2023,AUS,47,183.5,1723.8272153347102,10.644918375091924
Norway,2023,NOR,12,36.3,485.51331650363005,7.476622940316116
Ukraine,2023,UKR,5,11.6,178.757021386809,6.489255588399505
India,2023,IND,169,674.8,3549.9189187775296,19.00888486299225
Argentina,2023,ARG,5,12.8,640.591410663883,1.9981535479432353
Macau,2023,MAC,1,1.3,,
Japan,2023,JPN,40,151.1,4212.9451597813995,3.5865646066904953
Barbados,2023,BRB,1,1.4,6.39356418961345,21.897019541531233
New Zealand,2023,NZL,3,12.7,253.46570323214598,5.010539823752104
United Kingdom,2023,GBR,53,203.8,3340.03238066804,6.101737251997478
Bangladesh,2023,BGD,1,1.0,437.41533104099403,0.22861567234511979
Zimbabwe,2023,ZWE,1,1.9,26.5382734988461,7.159471018650152
Morocco,2023,MAR,2,2.8,141.109373209414,1.9842764065322913
Austria,2023,AUT,11,70.7,516.03414411595,13.700643805483171
Malaysia,2023,MYS,18,54.7,399.64882854650403,13.687016223453032
Ireland,2023,IRL,9,36.2,545.6294504037351,6.634539241460307
Netherlands,2023,NLD,24,81.2,1118.1247498862901,7.26215925443541
Nepal,2023,NPL,1,1.8,40.9080733668455,4.400109445043761
Kazakhstan,2023,KAZ,6,22.6,261.421121085572,8.645055114962288
Israel,2023,ISR,30,113.3,509.901495702103,22.21997796731168
Mexico,2023,MEX,14,168.9,1788.8868210468102,9.441625820752824
United Arab Emirates,2023,ARE,4,21.4,504.173451327434,4.244570979224734
Chile,2023,CHL,7,41.9,335.5333316692191,12.487582021003666
Oman,2023,OMN,2,4.300000000000001,108.19245773732099,3.9743990384615464
Bulgaria,2023,BGR,2,4.2,101.584384672786,4.134493715277838
Slovakia,2023,SVK,2,3.1,132.793622283071,2.3344494612789846
Eswatini (Swaziland),2023,SWZ,1,6.5,4.59785584504276,141.37024341483132
Estonia,2023,EST,1,1.3,40.744848827953696,3.1905873684530963
South Africa,2023,ZAF,5,25.6,377.781600985873,6.776402009307303
Egypt,2023,EGY,6,19.1,395.92607516300603,4.824132886962895
Canada,2023,CAN,63,245.1,2140.08556779145,11.452813087887
Denmark,2023,DNK,8,42.2,404.198757537974,10.440408144014485
Tanzania,2023,TZA,1,1.5,79.158286333524,1.89493743419347
South Korea,2023,KOR,30,74.4,1712.79285420237,4.343782718234618
Czech Republic,2023,CZE,11,61.4,330.858339871686,18.557791235914515
Spain,2023,ESP,27,135.2,1580.6947125157099,8.55320125572042
United States,2023,USA,734,4489.0,27360.935,16.406603063820736
Taiwan,2023,TWN,52,136.1,,
St. Kitts and Nevis,2023,KNA,1,1.3,1.07703311111111,120.70195304013157
Cyprus,2023,CYP,9,36.8,32.229622669195095,114.18067278576378
Croatia,2023,HRV,1,1.6,82.68884271739259,1.9349647998682893
Sweden,2023,SWE,39,140.4,593.267701033408,23.665539141173273
Colombia,2023,COL,4,18.1,363.540156234868,4.978817247442221
China,2023,CHN,490,1644.7,17794.7819861045,9.24259707865095
Switzerland,2023,CHE,41,206.3,884.9404022304091,23.31230436310064
Lebanon,2023,LBN,6,11.799999999999999,,
Finland,2023,FIN,7,14.0,300.187202696084,4.663756440734717
Singapore,2023,SGP,37,124.8,501.427500080059,24.888942066415215
France,2023,FRA,43,590.0,3030.9040896079,19.466138899707868
Venezuela,2023,VEN,1,4.3,,
Panama,2023,PAN,1,1.0,83.3824,1.199293855777718
Iceland,2023,ISL,1,2.5,31.0200325831972,8.059308104512404
Peru,2023,PER,4,5.5,267.60324865525297,2.0552814764537937
Belgium,2023,BEL,4,15.8,632.2165770751091,2.4991435803688073
Hungary,2023,HUN,3,3.9,212.388906458724,1.8362540986847316
Turkey,2023,TUR,26,57.8,1108.02237325951,5.216501164138737
Philippines,2023,PHL,14,41.4,437.146372729942,9.47051207161128
Hong Kong,2023,HKG,69,367.3,382.054574298529,96.13809772448893
Poland,2023,POL,7,21.6,811.2291006875661,2.6626263754212816
Guernsey,2023,GGY,1,2.3,,
Belize,2023,BLZ,1,3.9,3.2815,118.84808776474173
Portugal,2023,PRT,1,4.7,287.080013574497,1.637174229400109
Qatar,2023,QAT,2,3.0,,
Greece,2023,GRC,6,16.6,238.20631263252798,6.968748987608991
Romania,2023,ROU,6,8.8,351.00257962967,2.50710408148127
Germany,2023,DEU,126,585.4,4456.08101670596,13.137104056351774
Brazil,2023,BRA,51,160.4,2173.66565593727,7.3792397447084195
Georgia,2023,GEO,2,8.600000000000001,30.5355304790227,28.163912219923702
Thailand,2023,THA,28,100.8,514.944993833578,19.574906292336333
Algeria,2023,DZA,1,4.6,239.899491127742,1.9174696779788436
Russia,2023,RUS,103,469.7,2021.42147603542,23.23612396367801
Algeria,2024,DZA,1,2.5,,1.9174696779788436
Argentina,2024,ARG,5,19.5,,1.9981535479432353
United States,2024,USA,813,5700.8,,16.406603063820736
United Kingdom,2024,GBR,55,225.3,,6.101737251997478
Vietnam,2024,VNM,6,13.9,,2.9321625412809453
Venezuela,2024,VEN,1,4.4,,
Uruguay,2024,URY,2,2.2,,
Lebanon,2024,LBN,6,11.799999999999999,,
Australia,2024,AUS,48,214.5,,10.644918375091924
Germany,2024,DEU,132,643.9,,13.137104056351774
Romania,2024,ROU,6,10.6,,2.50710408148127
Greece,2024,GRC,10,26.8,,6.968748987608991
Qatar,2024,QAT,2,3.5,,
Portugal,2024,PRT,1,5.7,,1.637174229400109
Guernsey,2024,GGY,1,2.6,,
Poland,2024,POL,8,26.5,,2.6626263754212816
Hong Kong,2024,HKG,67,329.7,,96.13809772448893
Philippines,2024,PHL,16,49.2,,9.47051207161128
Hungary,2024,HUN,5,6.800000000000001,,1.8362540986847316
Iceland,2024,ISL,1,2.1,,8.059308104512404
Panama,2024,PAN,1,1.1,,1.199293855777718
Oman,2024,OMN,2,4.9,,3.9743990384615464
Norway,2024,NOR,12,41.2,,7.476622940316116
India,2024,IND,200,953.7,,19.00888486299225
Nigeria,2024,NGA,4,26.7,,30.028912934484527
Indonesia,2024,IDN,35,200.9,,10.093561242497186
Liechtenstein,2024,LIE,1,1.5,,
Luxembourg,2024,LUX,1,1.1,,
Malaysia,2024,MYS,17,51.5,,13.687016223453032
Kazakhstan,2024,KAZ,6,25.4,,8.645055114962288
Japan,2024,JPN,41,181.4,,3.5865646066904953
Mexico,2024,MEX,22,199.7,,9.441625820752824
Russia,2024,RUS,120,536.5,,23.23612396367801
Italy,2024,ITA,73,301.7,,9.561606494594207
Morocco,2024,MAR,2,3.0999999999999996,,1.9842764065322913
Nepal,2024,NPL,1,1.8,,4.400109445043761
Israel,2024,ISR,36,137.8,,22.21997796731168
Netherlands,2024,NLD,14,47.0,,7.26215925443541
Ireland,2024,IRL,11,52.9,,6.634539241460307
New Zealand,2024,NZL,4,15.9,,5.010539823752104
Monaco,2024,MCO,3,11.0,,
Georgia,2024,GEO,2,10.100000000000001,,28.163912219923702
France,2024,FRA,53,673.5,,19.466138899707868
Finland,2024,FIN,7,14.9,,4.663756440734717
Taiwan,2024,TWN,51,145.2,,
Tanzania,2024,TZA,1,1.8,,1.89493743419347
Canada,2024,CAN,67,314.7,,11.452813087887
Bulgaria,2024,BGR,2,4.2,,4.134493715277838
Thailand,2024,THA,26,85.3,,19.574906292336333
Brazil,2024,BRA,69,230.9,,7.3792397447084195
Chile,2024,CHL,6,42.199999999999996,,12.487582021003666
Belize,2024,BLZ,1,4.7,,118.84808776474173
Belgium,2024,BEL,10,36.3,,2.4991435803688073
Ukraine,2024,UKR,5,9.4,,6.489255588399505
Barbados,2024,BRB,1,1.4,,21.897019541531233
Bangladesh,2024,BGD,1,1.1,,0.22861567234511979
Austria,2024,AUT,9,75.6,,13.700643805483171
United Arab Emirates,2024,ARE,4,27.8,,4.244570979224734
Turkey,2024,TUR,27,56.1,,5.216501164138737
Armenia,2024,ARM,1,1.1,,4.956192497213395
Switzerland,2024,CHE,41,224.1,,23.31230436310064
Sweden,2024,SWE,43,162.0,,23.665539141173273
Singapore,2024,SGP,39,115.5,,24.888942066415215
Slovakia,2024,SVK,2,3.4000000000000004,,2.3344494612789846
Eswatini (Swaziland),2024,SWZ,1,7.2,,141.37024341483132
Estonia,2024,EST,1,2.2,,3.1905873684530963
South Africa,2024,ZAF,6,29.4,,6.776402009307303
Egypt,2024,EGY,5,18.4,,4.824132886962895
China,2024,CHN,406,1335.6,,9.24259707865095
Denmark,2024,DNK,9,50.4,,10.440408144014485
Czech Republic,2024,CZE,11,66.7,,18.557791235914515
Spain,2024,ESP,29,177.1,,8.55320125572042
St. Kitts and Nevis,2024,KNA,1,1.3,,120.70195304013157
Cyprus,2024,CYP,10,55.699999999999996,,114.18067278576378
Croatia,2024,HRV,1,1.7,,1.9349647998682893
Colombia,2024,COL,4,29.6,,4.978817247442221
South Korea,2024,KOR,36,92.1,,4.343782718234618
Zimbabwe,2024,ZWE,1,1.8,,7.159471018650152
